SG_UF,CO_MUNICIPIO,NO_MUNICIPIO,CO_MUNICIPIO_ESC,IDEB_2023
SP,3500105,Adamantina,35030806,"4,0"
SP,3500105,Adamantina,35031045,-
SP,3500105,Adamantina,35031082,"5,3"
SP,3500105,Adamantina,35031100,"4,1"
SP,3500105,Adamantina,35031112,"4,6"
SP,3500204,Adolfo,35027352,"4,8"
SP,3500303,Aguaí,35020515,-
SP,3500303,Aguaí,35020527,"3,4"
SP,3500303,Aguaí,35020722,"4,2"
SP,3500303,Aguaí,35434565,"4,9"
SP,3500402,Águas da Prata,35020448,"4,4"
SP,3500501,Águas de Lindóia,35017361,"5,5"
SP,3500501,Águas de Lindóia,35017632,-
SP,3500550,Águas de Santa Bárbara,35014515,"4,3"
SP,3500600,Águas de São Pedro,35021234,"4,9"
SP,3500709,Agudos,35007997,-
SP,3500709,Agudos,35025987,-
SP,3500709,Agudos,35026001,"4,4"
SP,3500709,Agudos,35026037,"5,3"
SP,3500709,Agudos,35049670,-
SP,3500709,Agudos,35115770,-
SP,3500709,Agudos,35905859,"4,2"
SP,3500758,Alambari,35036912,"4,0"
SP,3500808,Alfredo Marcondes,35031896,"3,9"
SP,3500907,Altair,35028228,"3,7"
SP,3501004,Altinópolis,35022901,"4,4"
SP,3501103,Alto Alegre,35030326,"4,3"
SP,3501152,Alumínio,35016020,"4,3"
SP,3501152,Alumínio,35111818,-
SP,3501202,Álvares Florence,35028952,"4,2"
SP,3501301,Álvares Machado,35031948,"3,8"
SP,3501301,Álvares Machado,35043138,"3,6"
SP,3501301,Álvares Machado,35117109,-
SP,3501400,Álvaro de Carvalho,35033510,-
SP,3501509,Alvinlândia,35033376,-
SP,3501608,Americana,35016950,"4,3"
SP,3501608,Americana,35016962,"4,9"
SP,3501608,Americana,35017139,"5,2"
SP,3501608,Americana,35017176,"4,0"
SP,3501608,Americana,35017188,"3,7"
SP,3501608,Americana,35017206,-
SP,3501608,Americana,35017218,"3,2"
SP,3501608,Americana,35017224,"5,2"
SP,3501608,Americana,35017334,"4,2"
SP,3501608,Americana,35017346,"4,5"
SP,3501608,Americana,35039846,"4,0"
SP,3501608,Americana,35042473,"4,8"
SP,3501608,Americana,35045500,"5,2"
SP,3501608,Americana,35045962,"5,5"
SP,3501608,Americana,35112215,-
SP,3501608,Americana,35125040,-
SP,3501608,Americana,35125659,-
SP,3501608,Americana,35435454,"4,2"
SP,3501608,Americana,35578563,"4,4"
SP,3501608,Americana,35578575,"5,1"
SP,3501608,Americana,35578587,"5,6"
SP,3501608,Americana,35903760,"5,0"
SP,3501608,Americana,35903772,"4,1"
SP,3501608,Americana,35907285,"4,9"
SP,3501608,Americana,35921567,"4,9"
SP,3501608,Americana,35922183,-
SP,3501608,Americana,35925883,"3,7"
SP,3501707,Américo Brasiliense,35021830,-
SP,3501707,Américo Brasiliense,35042778,"4,8"
SP,3501707,Américo Brasiliense,35907704,-
SP,3501806,Américo de Campos,35029014,"4,3"
SP,3501905,Amparo,35017536,"5,0"
SP,3501905,Amparo,35017541,"4,4"
SP,3501905,Amparo,35017553,"4,4"
SP,3501905,Amparo,35017565,"3,9"
SP,3501905,Amparo,35017577,"6,0"
SP,3501905,Amparo,35017589,"6,0"
SP,3501905,Amparo,35047041,"3,6"
SP,3501905,Amparo,35049426,-
SP,3501905,Amparo,35112264,-
SP,3501905,Amparo,35452312,"4,6"
SP,3501905,Amparo,35903814,-
SP,3502002,Analândia,35021301,"4,7"
SP,3502101,Andradina,35029361,"5,2"
SP,3502101,Andradina,35029373,"3,9"
SP,3502101,Andradina,35029397,"4,1"
SP,3502101,Andradina,35029609,"4,8"
SP,3502101,Andradina,35116518,-
SP,3502101,Andradina,35905914,-
SP,3502101,Andradina,35910910,-
SP,3502101,Andradina,35922365,"5,0"
SP,3502200,Angatuba,35014990,"4,5"
SP,3502200,Angatuba,35903197,"5,7"
SP,3502309,Anhembi,35014746,"4,3"
SP,3502408,Anhumas,35032621,"3,7"
SP,3502507,Aparecida,35012580,"4,7"
SP,3502507,Aparecida,35012609,"5,0"
SP,3502507,Aparecida,35012816,"3,8"
SP,3502507,Aparecida,35012828,"4,2"
SP,3502606,Aparecida d'Oeste,35028435,"4,1"
SP,3502705,Apiaí,35014357,-
SP,3502705,Apiaí,35014370,"4,4"
SP,3502705,Apiaí,35014424,"3,6"
SP,3502705,Apiaí,35038866,"4,2"
SP,3502705,Apiaí,35038878,"3,8"
SP,3502705,Apiaí,35041439,"4,1"
SP,3502705,Apiaí,35046848,"4,0"
SP,3502705,Apiaí,35048215,"5,5"
SP,3502705,Apiaí,35564916,"5,2"
SP,3502705,Apiaí,35912013,"4,3"
SP,3502754,Araçariguama,35015921,"4,1"
SP,3502804,Araçatuba,35029713,"5,4"
SP,3502804,Araçatuba,35029737,"5,0"
SP,3502804,Araçatuba,35029749,-
SP,3502804,Araçatuba,35029762,"4,4"
SP,3502804,Araçatuba,35029774,"5,2"
SP,3502804,Araçatuba,35029798,"4,6"
SP,3502804,Araçatuba,35029804,"4,2"
SP,3502804,Araçatuba,35029877,-
SP,3502804,Araçatuba,35029889,"5,2"
SP,3502804,Araçatuba,35029890,"4,8"
SP,3502804,Araçatuba,35030016,"3,5"
SP,3502804,Araçatuba,35030053,"4,6"
SP,3502804,Araçatuba,35030065,-
SP,3502804,Araçatuba,35047612,"4,3"
SP,3502804,Araçatuba,35345623,-
SP,3502804,Araçatuba,35907224,"4,4"
SP,3502804,Araçatuba,35907236,-
SP,3502804,Araçatuba,35909257,"4,1"
SP,3502804,Araçatuba,35920575,"4,1"
SP,3502804,Araçatuba,35924611,"3,9"
SP,3502903,Araçoiaba da Serra,35016901,"4,2"
SP,3502903,Araçoiaba da Serra,35563043,"4,4"
SP,3503000,Aramina,35023334,"3,5"
SP,3503109,Arandu,35014503,"3,9"
SP,3503158,Arapeí,35012488,"3,9"
SP,3503208,Araraquara,35004092,"4,5"
SP,3503208,Araraquara,35004714,"4,4"
SP,3503208,Araraquara,35021842,"5,9"
SP,3503208,Araraquara,35021854,-
SP,3503208,Araraquara,35021945,"4,8"
SP,3503208,Araraquara,35021957,"5,2"
SP,3503208,Araraquara,35021970,"4,1"
SP,3503208,Araraquara,35021994,-
SP,3503208,Araraquara,35022068,"5,3"
SP,3503208,Araraquara,35022073,"6,1"
SP,3503208,Araraquara,35022123,"4,7"
SP,3503208,Araraquara,35022147,"5,0"
SP,3503208,Araraquara,35022160,"4,6"
SP,3503208,Araraquara,35038982,"4,7"
SP,3503208,Araraquara,35046085,-
SP,3503208,Araraquara,35047405,-
SP,3503208,Araraquara,35114121,-
SP,3503208,Araraquara,35435697,"3,6"
SP,3503208,Araraquara,35456494,"6,0"
SP,3503208,Araraquara,35462330,"5,1"
SP,3503208,Araraquara,35462536,-
SP,3503208,Araraquara,35479342,-
SP,3503208,Araraquara,35914265,-
SP,3503208,Araraquara,35922973,"4,2"
SP,3503307,Araras,35019914,"4,9"
SP,3503307,Araras,35019926,"6,1"
SP,3503307,Araras,35020035,"4,5"
SP,3503307,Araras,35020047,"4,0"
SP,3503307,Araras,35020059,"5,2"
SP,3503307,Araras,35020060,-
SP,3503307,Araras,35047260,"4,5"
SP,3503307,Araras,35113293,-
SP,3503307,Araras,35901064,"4,0"
SP,3503307,Araras,35901076,"3,2"
SP,3503307,Araras,35903985,"4,9"
SP,3503356,Arco-Íris,35034548,"3,7"
SP,3503406,Arealva,35025252,"4,3"
SP,3503505,Areias,35012543,"4,4"
SP,3503604,Areiópolis,35014904,"3,8"
SP,3503703,Ariranha,35026736,"4,8"
SP,3503802,Artur Nogueira,35020230,"4,6"
SP,3503802,Artur Nogueira,35478209,-
SP,3503802,Artur Nogueira,35903991,"4,6"
SP,3503802,Artur Nogueira,35919317,"4,0"
SP,3503802,Artur Nogueira,35924854,"5,2"
SP,3503901,Arujá,35006385,"4,5"
SP,3503901,Arujá,35006403,"3,8"
SP,3503901,Arujá,35006415,"4,2"
SP,3503901,Arujá,35006476,"4,5"
SP,3503901,Arujá,35039457,"3,7"
SP,3503901,Arujá,35046401,-
SP,3503901,Arujá,35562282,"6,0"
SP,3503901,Arujá,35908903,"4,6"
SP,3503901,Arujá,35910375,"4,2"
SP,3503901,Arujá,35921051,-
SP,3503901,Arujá,35923205,"3,3"
SP,3503950,Aspásia,35027259,"5,3"
SP,3504008,Assis,35033108,-
SP,3504008,Assis,35033112,"3,2"
SP,3504008,Assis,35033145,"5,3"
SP,3504008,Assis,35033169,"6,0"
SP,3504008,Assis,35033182,"4,5"
SP,3504008,Assis,35033200,-
SP,3504008,Assis,35033212,-
SP,3504008,Assis,35033236,"4,7"
SP,3504008,Assis,35033261,"4,8"
SP,3504008,Assis,35033273,"5,0"
SP,3504008,Assis,35033285,"4,5"
SP,3504008,Assis,35117365,-
SP,3504008,Assis,35903632,"2,9"
SP,3504008,Assis,35917977,"4,8"
SP,3504107,Atibaia,35017887,"4,2"
SP,3504107,Atibaia,35017899,-
SP,3504107,Atibaia,35017917,-
SP,3504107,Atibaia,35017929,"4,4"
SP,3504107,Atibaia,35017954,"4,4"
SP,3504107,Atibaia,35018004,"4,5"
SP,3504107,Atibaia,35018041,"5,4"
SP,3504107,Atibaia,35018053,"4,4"
SP,3504107,Atibaia,35040368,"4,4"
SP,3504107,Atibaia,35042584,"4,6"
SP,3504107,Atibaia,35047077,"4,4"
SP,3504107,Atibaia,35047089,-
SP,3504107,Atibaia,35049924,"3,8"
SP,3504107,Atibaia,35290634,-
SP,3504107,Atibaia,35498452,-
SP,3504107,Atibaia,35905410,"5,1"
SP,3504206,Auriflama,35030624,"4,1"
SP,3504206,Auriflama,35030636,"4,9"
SP,3504305,Avaí,35025264,"4,1"
SP,3504404,Avanhandava,35030348,"4,2"
SP,3504503,Avaré,35014461,"4,2"
SP,3504503,Avaré,35014497,"3,7"
SP,3504503,Avaré,35014588,"3,7"
SP,3504503,Avaré,35014679,"4,7"
SP,3504503,Avaré,35038908,-
SP,3504503,Avaré,35111387,-
SP,3504503,Avaré,35290713,"5,6"
SP,3504503,Avaré,35456412,"5,9"
SP,3504503,Avaré,35905185,"4,2"
SP,3504503,Avaré,35914484,-
SP,3504602,Bady Bassitt,35028666,"4,3"
SP,3504701,Balbinos,35026273,-
SP,3504800,Bálsamo,35028642,"4,2"
SP,3504909,Bananal,35012464,"3,8"
SP,3505005,Barão de Antonina,35015581,"3,6"
SP,3505104,Barbosa,35030387,"4,5"
SP,3505203,Bariri,35025719,-
SP,3505203,Bariri,35025860,"4,5"
SP,3505203,Bariri,35115629,-
SP,3505302,Barra Bonita,35025975,"5,0"
SP,3505302,Barra Bonita,35026062,"4,1"
SP,3505302,Barra Bonita,35035836,-
SP,3505302,Barra Bonita,35042959,"4,5"
SP,3505302,Barra Bonita,35115824,-
SP,3505302,Barra Bonita,35920538,"6,5"
SP,3505351,Barra do Chapéu,35014412,"4,2"
SP,3505351,Barra do Chapéu,35041440,-
SP,3505351,Barra do Chapéu,35913522,-
SP,3505401,Barra do Turvo,35014400,"4,1"
SP,3505401,Barra do Turvo,35924362,"4,4"
SP,3505500,Barretos,35022214,"4,5"
SP,3505500,Barretos,35022248,"5,2"
SP,3505500,Barretos,35022263,"4,9"
SP,3505500,Barretos,35022329,"3,6"
SP,3505500,Barretos,35022354,"4,2"
SP,3505500,Barretos,35022391,"4,2"
SP,3505500,Barretos,35022457,"5,6"
SP,3505500,Barretos,35022469,-
SP,3505500,Barretos,35114224,-
SP,3505500,Barretos,35114236,-
SP,3505500,Barretos,35456482,-
SP,3505500,Barretos,35579889,"4,4"
SP,3505500,Barretos,35907736,-
SP,3505500,Barretos,35907741,"5,0"
SP,3505609,Barrinha,35023619,"4,2"
SP,3505609,Barrinha,35915002,"4,4"
SP,3505708,Barueri,35006019,"5,3"
SP,3505708,Barueri,35009787,"4,4"
SP,3505708,Barueri,35009799,"3,6"
SP,3505708,Barueri,35009830,"4,3"
SP,3505708,Barueri,35009878,"4,3"
SP,3505708,Barueri,35009891,"4,5"
SP,3505708,Barueri,35009912,"4,4"
SP,3505708,Barueri,35009921,"4,3"
SP,3505708,Barueri,35035440,"3,6"
SP,3505708,Barueri,35036389,-
SP,3505708,Barueri,35040548,"5,4"
SP,3505708,Barueri,35040551,"3,9"
SP,3505708,Barueri,35044921,"4,2"
SP,3505708,Barueri,35044933,"4,1"
SP,3505708,Barueri,35049025,-
SP,3505708,Barueri,35290075,"4,5"
SP,3505708,Barueri,35323724,"5,2"
SP,3505708,Barueri,35324255,"5,5"
SP,3505708,Barueri,35324462,-
SP,3505708,Barueri,35417865,"5,7"
SP,3505708,Barueri,35440966,-
SP,3505708,Barueri,35443785,-
SP,3505708,Barueri,35443803,-
SP,3505708,Barueri,35444091,-
SP,3505708,Barueri,35448285,"5,7"
SP,3505708,Barueri,35908617,"4,0"
SP,3505708,Barueri,35908836,"5,0"
SP,3505708,Barueri,35910485,"3,8"
SP,3505708,Barueri,35918702,-
SP,3505708,Barueri,35918805,"5,1"
SP,3505708,Barueri,35920241,"3,9"
SP,3505807,Bastos,35034666,"4,1"
SP,3505807,Bastos,35034721,"4,6"
SP,3505807,Bastos,35925007,"4,6"
SP,3505906,Batatais,35022925,"3,8"
SP,3505906,Batatais,35022949,"4,1"
SP,3505906,Batatais,35022998,-
SP,3505906,Batatais,35023000,-
SP,3505906,Batatais,35049566,"3,3"
SP,3505906,Batatais,35114397,-
SP,3505906,Batatais,35919433,"4,8"
SP,3506003,Bauru,35005898,"3,6"
SP,3506003,Bauru,35025161,"3,7"
SP,3506003,Bauru,35025173,-
SP,3506003,Bauru,35025239,-
SP,3506003,Bauru,35025240,"5,4"
SP,3506003,Bauru,35025276,-
SP,3506003,Bauru,35025297,-
SP,3506003,Bauru,35025446,"3,9"
SP,3506003,Bauru,35025458,"4,8"
SP,3506003,Bauru,35025483,-
SP,3506003,Bauru,35025501,-
SP,3506003,Bauru,35025525,"5,4"
SP,3506003,Bauru,35025537,-
SP,3506003,Bauru,35025549,-
SP,3506003,Bauru,35025562,"4,0"
SP,3506003,Bauru,35025598,"5,6"
SP,3506003,Bauru,35040939,-
SP,3506003,Bauru,35042936,"3,8"
SP,3506003,Bauru,35043597,-
SP,3506003,Bauru,35049645,"5,6"
SP,3506003,Bauru,35049657,-
SP,3506003,Bauru,35070634,"3,8"
SP,3506003,Bauru,35115435,-
SP,3506003,Bauru,35115447,-
SP,3506003,Bauru,35115587,-
SP,3506003,Bauru,35290695,"5,8"
SP,3506003,Bauru,35462724,-
SP,3506003,Bauru,35565696,-
SP,3506003,Bauru,35900217,"4,0"
SP,3506003,Bauru,35900229,-
SP,3506003,Bauru,35900990,"5,3"
SP,3506003,Bauru,35901003,-
SP,3506003,Bauru,35901015,"4,0"
SP,3506003,Bauru,35919019,"4,1"
SP,3506003,Bauru,35921373,"3,6"
SP,3506003,Bauru,35922948,"7,3"
SP,3506003,Bauru,35925263,"4,3"
SP,3506102,Bebedouro,35022603,"4,6"
SP,3506102,Bebedouro,35022627,-
SP,3506102,Bebedouro,35022724,"3,9"
SP,3506102,Bebedouro,35022731,"4,6"
SP,3506102,Bebedouro,35022767,"3,9"
SP,3506102,Bebedouro,35043552,-
SP,3506102,Bebedouro,35044600,-
SP,3506102,Bebedouro,35114303,-
SP,3506102,Bebedouro,35127814,-
SP,3506102,Bebedouro,35294871,"5,6"
SP,3506102,Bebedouro,35903371,"4,0"
SP,3506201,Bento de Abreu,35029993,"4,7"
SP,3506300,Bernardino de Campos,35034393,"4,5"
SP,3506300,Bernardino de Campos,35035737,-
SP,3506359,Bertioga,35011605,-
SP,3506359,Bertioga,35011617,-
SP,3506359,Bertioga,35269323,"3,9"
SP,3506359,Bertioga,35901398,"4,0"
SP,3506359,Bertioga,35909798,"4,3"
SP,3506359,Bertioga,35921737,"4,1"
SP,3506359,Bertioga,35921749,-
SP,3506409,Bilac,35030235,"4,4"
SP,3506508,Birigui,35030119,-
SP,3506508,Birigui,35030272,"4,0"
SP,3506508,Birigui,35043102,-
SP,3506508,Birigui,35048562,"5,4"
SP,3506508,Birigui,35116816,-
SP,3506508,Birigui,35266887,"5,6"
SP,3506508,Birigui,35446981,"3,6"
SP,3506508,Birigui,35456457,-
SP,3506508,Birigui,35905926,"4,4"
SP,3506508,Birigui,35905938,-
SP,3506508,Birigui,35913856,"4,8"
SP,3506508,Birigui,35917643,"4,6"
SP,3506508,Birigui,35923382,-
SP,3506508,Birigui,35924283,"4,2"
SP,3506607,Biritiba Mirim,35006592,-
SP,3506607,Biritiba Mirim,35043977,"4,0"
SP,3506706,Boa Esperança do Sul,35021829,"4,0"
SP,3506805,Bocaina,35025732,"3,9"
SP,3506805,Bocaina,35580065,"4,8"
SP,3506904,Bofete,35014801,"4,5"
SP,3507001,Boituva,35016697,"4,1"
SP,3507001,Boituva,35112012,-
SP,3507001,Boituva,35456585,"5,6"
SP,3507001,Boituva,35908174,"4,4"
SP,3507100,Bom Jesus dos Perdões,35017942,"4,4"
SP,3507100,Bom Jesus dos Perdões,35020850,"5,0"
SP,3507100,Bom Jesus dos Perdões,35045627,"3,5"
SP,3507159,Bom Sucesso de Itararé,35015283,"4,4"
SP,3507209,Borá,35044490,"4,5"
SP,3507308,Boracéia,35025756,"4,1"
SP,3507407,Borborema,35024855,"4,2"
SP,3507456,Borebi,35025914,"4,1"
SP,3507506,Botucatu,35014722,"5,5"
SP,3507506,Botucatu,35014795,"4,8"
SP,3507506,Botucatu,35014825,"3,7"
SP,3507506,Botucatu,35014837,"3,6"
SP,3507506,Botucatu,35014849,-
SP,3507506,Botucatu,35014850,"3,0"
SP,3507506,Botucatu,35014862,-
SP,3507506,Botucatu,35014874,"3,9"
SP,3507506,Botucatu,35014886,"6,0"
SP,3507506,Botucatu,35014941,"4,8"
SP,3507506,Botucatu,35065468,"4,4"
SP,3507506,Botucatu,35111442,-
SP,3507506,Botucatu,35480617,-
SP,3507506,Botucatu,35900266,"4,3"
SP,3507506,Botucatu,35917312,"3,5"
SP,3507605,Bragança Paulista,35017760,"3,9"
SP,3507605,Bragança Paulista,35017772,"4,8"
SP,3507605,Bragança Paulista,35017784,"4,5"
SP,3507605,Bragança Paulista,35017991,"4,4"
SP,3507605,Bragança Paulista,35049931,"4,0"
SP,3507605,Bragança Paulista,35112331,-
SP,3507605,Bragança Paulista,35337821,"5,9"
SP,3507605,Bragança Paulista,35434814,"4,4"
SP,3507605,Bragança Paulista,35900187,"5,2"
SP,3507605,Bragança Paulista,35903851,-
SP,3507605,Bragança Paulista,35907327,"4,4"
SP,3507605,Bragança Paulista,35907340,"4,8"
SP,3507605,Bragança Paulista,35909359,"5,1"
SP,3507605,Bragança Paulista,35909361,"4,2"
SP,3507605,Bragança Paulista,35912864,"4,3"
SP,3507605,Bragança Paulista,35912888,"5,1"
SP,3507605,Bragança Paulista,35921185,"4,7"
SP,3507704,Braúna,35030512,"4,1"
SP,3507753,Brejo Alegre,35030107,"3,3"
SP,3507803,Brodowski,35023838,-
SP,3507902,Brotas,35021805,"4,7"
SP,3507902,Brotas,35061335,-
SP,3507902,Brotas,35168907,-
SP,3507902,Brotas,35909555,"3,9"
SP,3508009,Buri,35015568,"4,2"
SP,3508108,Buritama,35030132,"4,0"
SP,3508108,Buritama,35030173,"4,7"
SP,3508207,Buritizal,35023358,"4,5"
SP,3508306,Cabrália Paulista,35025324,"4,4"
SP,3508306,Cabrália Paulista,35025586,"4,8"
SP,3508405,Cabreúva,35015799,"5,2"
SP,3508405,Cabreúva,35015805,"4,7"
SP,3508405,Cabreúva,35036171,"4,1"
SP,3508405,Cabreúva,35039743,"4,5"
SP,3508405,Cabreúva,35070233,"3,7"
SP,3508405,Cabreúva,35924659,"4,2"
SP,3508504,Caçapava,35014060,"4,0"
SP,3508504,Caçapava,35014084,"4,2"
SP,3508504,Caçapava,35014148,"4,1"
SP,3508504,Caçapava,35014308,"5,8"
SP,3508504,Caçapava,35039676,-
SP,3508504,Caçapava,35042341,-
SP,3508504,Caçapava,35045482,"4,3"
SP,3508504,Caçapava,35045494,"4,0"
SP,3508504,Caçapava,35049219,"4,6"
SP,3508504,Caçapava,35111090,-
SP,3508504,Caçapava,35566846,-
SP,3508504,Caçapava,35906748,"3,9"
SP,3508504,Caçapava,35914459,"4,0"
SP,3508504,Caçapava,35919767,"4,8"
SP,3508603,Cachoeira Paulista,35013055,"3,3"
SP,3508603,Cachoeira Paulista,35013080,-
SP,3508603,Cachoeira Paulista,35013146,"5,1"
SP,3508603,Cachoeira Paulista,35013158,"3,2"
SP,3508603,Cachoeira Paulista,35013171,"3,2"
SP,3508603,Cachoeira Paulista,35915804,"4,9"
SP,3508603,Cachoeira Paulista,35916648,-
SP,3508603,Cachoeira Paulista,35920435,"4,1"
SP,3508603,Cachoeira Paulista,35924635,"4,1"
SP,3508702,Caconde,35019240,-
SP,3508702,Caconde,35019318,"5,0"
SP,3508702,Caconde,35925724,"3,6"
SP,3508801,Cafelândia,35026293,-
SP,3508801,Cafelândia,35026300,-
SP,3508801,Cafelândia,35026323,"4,5"
SP,3508801,Cafelândia,35026335,-
SP,3508900,Caiabu,35032591,"3,9"
SP,3509007,Caieiras,35005575,"4,0"
SP,3509007,Caieiras,35005599,"3,7"
SP,3509007,Caieiras,35005605,"4,6"
SP,3509007,Caieiras,35005629,"4,9"
SP,3509007,Caieiras,35005630,"5,0"
SP,3509007,Caieiras,35041836,-
SP,3509007,Caieiras,35044945,"4,3"
SP,3509007,Caieiras,35564102,"5,7"
SP,3509007,Caieiras,35901805,-
SP,3509007,Caieiras,35904351,-
SP,3509007,Caieiras,35908381,"4,8"
SP,3509007,Caieiras,35921002,"4,1"
SP,3509007,Caieiras,35923138,"4,6"
SP,3509106,Caiuá,35032165,"4,0"
SP,3509106,Caiuá,35904211,"4,7"
SP,3509205,Cajamar,35005538,"4,0"
SP,3509205,Cajamar,35005548,"4,7"
SP,3509205,Cajamar,35005551,"4,8"
SP,3509205,Cajamar,35038337,"3,7"
SP,3509205,Cajamar,35388973,-
SP,3509205,Cajamar,35405231,"5,4"
SP,3509205,Cajamar,35480691,-
SP,3509205,Cajamar,35902330,"4,2"
SP,3509254,Cajati,35034997,"4,2"
SP,3509254,Cajati,35035002,"4,3"
SP,3509254,Cajati,35035294,"4,0"
SP,3509254,Cajati,35049803,"5,0"
SP,3509254,Cajati,35049815,"4,1"
SP,3509304,Cajobi,35028174,"4,7"
SP,3509403,Cajuru,35022330,-
SP,3509403,Cajuru,35024200,"3,4"
SP,3509403,Cajuru,35903498,"3,4"
SP,3509452,Campina do Monte Alegre,35015210,"3,9"
SP,3509502,Campinas,35004766,"4,5"
SP,3509502,Campinas,35018107,"4,8"
SP,3509502,Campinas,35018119,-
SP,3509502,Campinas,35018120,-
SP,3509502,Campinas,35018156,"4,3"
SP,3509502,Campinas,35018200,"4,3"
SP,3509502,Campinas,35018211,-
SP,3509502,Campinas,35018235,"5,1"
SP,3509502,Campinas,35018247,-
SP,3509502,Campinas,35018259,"4,3"
SP,3509502,Campinas,35018260,"5,4"
SP,3509502,Campinas,35018272,-
SP,3509502,Campinas,35018284,"4,9"
SP,3509502,Campinas,35018296,"5,2"
SP,3509502,Campinas,35018302,"4,2"
SP,3509502,Campinas,35018314,-
SP,3509502,Campinas,35018326,"5,3"
SP,3509502,Campinas,35018351,"6,3"
SP,3509502,Campinas,35018363,-
SP,3509502,Campinas,35018399,"3,7"
SP,3509502,Campinas,35018429,-
SP,3509502,Campinas,35018478,"5,5"
SP,3509502,Campinas,35018491,"4,5"
SP,3509502,Campinas,35018508,"4,1"
SP,3509502,Campinas,35018521,-
SP,3509502,Campinas,35018533,-
SP,3509502,Campinas,35018569,"5,1"
SP,3509502,Campinas,35018570,"3,9"
SP,3509502,Campinas,35018594,"5,1"
SP,3509502,Campinas,35018697,"3,7"
SP,3509502,Campinas,35018715,-
SP,3509502,Campinas,35018764,-
SP,3509502,Campinas,35018788,-
SP,3509502,Campinas,35018797,"4,3"
SP,3509502,Campinas,35018806,"4,8"
SP,3509502,Campinas,35018818,"3,7"
SP,3509502,Campinas,35018855,-
SP,3509502,Campinas,35018867,"4,5"
SP,3509502,Campinas,35018879,"5,1"
SP,3509502,Campinas,35018880,"4,9"
SP,3509502,Campinas,35018910,-
SP,3509502,Campinas,35018922,-
SP,3509502,Campinas,35035932,"4,2"
SP,3509502,Campinas,35037965,-
SP,3509502,Campinas,35039895,"4,6"
SP,3509502,Campinas,35039901,"4,2"
SP,3509502,Campinas,35040859,"4,9"
SP,3509502,Campinas,35040873,"5,1"
SP,3509502,Campinas,35042626,-
SP,3509502,Campinas,35042651,"3,8"
SP,3509502,Campinas,35045664,"4,8"
SP,3509502,Campinas,35045676,"4,6"
SP,3509502,Campinas,35045697,"5,3"
SP,3509502,Campinas,35045718,"4,0"
SP,3509502,Campinas,35045937,"6,2"
SP,3509502,Campinas,35045949,-
SP,3509502,Campinas,35046176,"4,0"
SP,3509502,Campinas,35047120,-
SP,3509502,Campinas,35047156,"4,1"
SP,3509502,Campinas,35047200,"3,9"
SP,3509502,Campinas,35065535,"4,6"
SP,3509502,Campinas,35065626,"3,6"
SP,3509502,Campinas,35112513,-
SP,3509502,Campinas,35112859,-
SP,3509502,Campinas,35127012,"3,7"
SP,3509502,Campinas,35127784,"4,4"
SP,3509502,Campinas,35127796,"3,4"
SP,3509502,Campinas,35138769,-
SP,3509502,Campinas,35430705,"3,9"
SP,3509502,Campinas,35432842,"3,4"
SP,3509502,Campinas,35436012,"4,4"
SP,3509502,Campinas,35445897,"3,8"
SP,3509502,Campinas,35450819,-
SP,3509502,Campinas,35450820,-
SP,3509502,Campinas,35500012,-
SP,3509502,Campinas,35561411,-
SP,3509502,Campinas,35564990,"4,1"
SP,3509502,Campinas,35901088,"3,9"
SP,3509502,Campinas,35901097,"4,7"
SP,3509502,Campinas,35901118,-
SP,3509502,Campinas,35901124,"3,8"
SP,3509502,Campinas,35901131,"3,8"
SP,3509502,Campinas,35902559,"4,4"
SP,3509502,Campinas,35903875,-
SP,3509502,Campinas,35903899,"4,4"
SP,3509502,Campinas,35905461,"3,8"
SP,3509502,Campinas,35905471,"4,5"
SP,3509502,Campinas,35907352,"4,4"
SP,3509502,Campinas,35907376,"4,6"
SP,3509502,Campinas,35907388,"4,3"
SP,3509502,Campinas,35907397,-
SP,3509502,Campinas,35907406,"4,9"
SP,3509502,Campinas,35912924,-
SP,3509502,Campinas,35913923,"4,5"
SP,3509502,Campinas,35913984,"3,7"
SP,3509502,Campinas,35914897,"4,5"
SP,3509502,Campinas,35915592,"3,4"
SP,3509502,Campinas,35917758,"5,4"
SP,3509502,Campinas,35922985,"3,8"
SP,3509502,Campinas,35923394,"3,7"
SP,3509502,Campinas,35923655,"3,5"
SP,3509502,Campinas,35924544,"4,5"
SP,3509502,Campinas,35924573,"4,1"
SP,3509502,Campinas,35924933,"4,0"
SP,3509502,Campinas,35924945,"4,0"
SP,3509601,Campo Limpo Paulista,35019823,"4,6"
SP,3509601,Campo Limpo Paulista,35019896,"4,3"
SP,3509601,Campo Limpo Paulista,35036031,"4,4"
SP,3509601,Campo Limpo Paulista,35036080,"5,0"
SP,3509601,Campo Limpo Paulista,35113050,-
SP,3509601,Campo Limpo Paulista,35432726,"5,8"
SP,3509601,Campo Limpo Paulista,35901155,"4,2"
SP,3509601,Campo Limpo Paulista,35910594,"4,6"
SP,3509700,Campos do Jordão,35013286,"4,1"
SP,3509700,Campos do Jordão,35433299,-
SP,3509700,Campos do Jordão,35442550,"5,1"
SP,3509809,Campos Novos Paulista,35034125,"4,4"
SP,3509908,Cananéia,35035191,"3,9"
SP,3509908,Cananéia,35043278,"4,3"
SP,3509908,Cananéia,35045100,"3,6"
SP,3509908,Cananéia,35916717,"4,8"
SP,3509957,Canas,35013134,"4,0"
SP,3510005,Cândido Mota,35032980,"4,9"
SP,3510005,Cândido Mota,35032992,"4,7"
SP,3510005,Cândido Mota,35033029,"4,9"
SP,3510005,Cândido Mota,35033030,"4,3"
SP,3510005,Cândido Mota,35033042,"3,7"
SP,3510104,Cândido Rodrigues,35024867,"5,6"
SP,3510153,Canitar,35034071,"4,0"
SP,3510203,Capão Bonito,35015118,"5,2"
SP,3510203,Capão Bonito,35015222,"3,9"
SP,3510203,Capão Bonito,35267211,"5,9"
SP,3510203,Capão Bonito,35910077,"4,3"
SP,3510203,Capão Bonito,35926036,"4,6"
SP,3510302,Capela do Alto,35016913,"4,0"
SP,3510401,Capivari,35020795,"5,1"
SP,3510401,Capivari,35020801,"4,1"
SP,3510401,Capivari,35456536,-
SP,3510401,Capivari,35580120,"4,6"
SP,3510401,Capivari,35901167,"5,0"
SP,3510500,Caraguatatuba,35011290,"4,6"
SP,3510500,Caraguatatuba,35011320,-
SP,3510500,Caraguatatuba,35011332,"3,6"
SP,3510500,Caraguatatuba,35011381,"4,6"
SP,3510500,Caraguatatuba,35011393,"4,3"
SP,3510500,Caraguatatuba,35011400,"4,5"
SP,3510500,Caraguatatuba,35035853,"4,6"
SP,3510500,Caraguatatuba,35035865,-
SP,3510500,Caraguatatuba,35039559,"4,3"
SP,3510500,Caraguatatuba,35045147,"4,4"
SP,3510500,Caraguatatuba,35046498,-
SP,3510500,Caraguatatuba,35048537,"4,5"
SP,3510500,Caraguatatuba,35337882,-
SP,3510500,Caraguatatuba,35434607,"6,0"
SP,3510500,Caraguatatuba,35909919,"3,9"
SP,3510609,Carapicuíba,35004191,"3,4"
SP,3510609,Carapicuíba,35009659,"4,0"
SP,3510609,Carapicuíba,35009660,"4,3"
SP,3510609,Carapicuíba,35009696,-
SP,3510609,Carapicuíba,35009726,"3,7"
SP,3510609,Carapicuíba,35009738,-
SP,3510609,Carapicuíba,35009751,"4,7"
SP,3510609,Carapicuíba,35009763,"4,2"
SP,3510609,Carapicuíba,35009817,-
SP,3510609,Carapicuíba,35009842,"4,6"
SP,3510609,Carapicuíba,35009854,"5,1"
SP,3510609,Carapicuíba,35035439,"4,3"
SP,3510609,Carapicuíba,35035452,"4,0"
SP,3510609,Carapicuíba,35038544,"4,0"
SP,3510609,Carapicuíba,35038556,-
SP,3510609,Carapicuíba,35038568,-
SP,3510609,Carapicuíba,35040587,-
SP,3510609,Carapicuíba,35040605,-
SP,3510609,Carapicuíba,35040617,"3,9"
SP,3510609,Carapicuíba,35040629,-
SP,3510609,Carapicuíba,35041336,"3,9"
SP,3510609,Carapicuíba,35041348,"4,8"
SP,3510609,Carapicuíba,35049049,"3,6"
SP,3510609,Carapicuíba,35290737,-
SP,3510609,Carapicuíba,35906694,"4,4"
SP,3510609,Carapicuíba,35908538,"4,7"
SP,3510609,Carapicuíba,35909221,"3,8"
SP,3510609,Carapicuíba,35914800,"4,3"
SP,3510609,Carapicuíba,35918829,-
SP,3510609,Carapicuíba,35919068,"4,6"
SP,3510609,Carapicuíba,35921427,-
SP,3510609,Carapicuíba,35923459,"4,4"
SP,3510609,Carapicuíba,35923801,-
SP,3510609,Carapicuíba,35925470,-
SP,3510708,Cardoso,35028939,"4,3"
SP,3510807,Casa Branca,35019252,"3,9"
SP,3510807,Casa Branca,35019288,"4,0"
SP,3510807,Casa Branca,35019306,"4,6"
SP,3510807,Casa Branca,35019343,"3,6"
SP,3510906,Cássia dos Coqueiros,35024399,"5,5"
SP,3511003,Castilho,35029543,"4,1"
SP,3511102,Catanduva,35026529,"4,8"
SP,3511102,Catanduva,35026530,"3,2"
SP,3511102,Catanduva,35026554,-
SP,3511102,Catanduva,35026645,"4,9"
SP,3511102,Catanduva,35026657,-
SP,3511102,Catanduva,35026670,"3,9"
SP,3511102,Catanduva,35026682,"4,7"
SP,3511102,Catanduva,35026694,"5,5"
SP,3511102,Catanduva,35026748,"3,8"
SP,3511102,Catanduva,35026761,"4,3"
SP,3511102,Catanduva,35065985,"4,0"
SP,3511102,Catanduva,35116002,-
SP,3511102,Catanduva,35456986,-
SP,3511201,Catiguá,35026578,"4,1"
SP,3511300,Cedral,35028861,"3,8"
SP,3511409,Cerqueira César,35014527,"4,3"
SP,3511409,Cerqueira César,35014680,-
SP,3511409,Cerqueira César,35191516,"4,1"
SP,3511508,Cerquilho,35016664,"4,1"
SP,3511508,Cerquilho,35156619,-
SP,3511508,Cerquilho,35446749,-
SP,3511508,Cerquilho,35922766,"4,5"
SP,3511607,Cesário Lange,35016718,"3,9"
SP,3511706,Charqueada,35021222,-
SP,3511706,Charqueada,35021283,"3,9"
SP,3511904,Clementina,35030521,"4,5"
SP,3512001,Colina,35048012,"3,5"
SP,3512001,Colina,35076107,"4,9"
SP,3512100,Colômbia,35022342,"4,5"
SP,3512209,Conchal,35020485,"4,5"
SP,3512209,Conchal,35565805,"4,9"
SP,3512209,Conchal,35909518,-
SP,3512209,Conchal,35915944,"5,1"
SP,3512209,Conchal,35925275,"3,6"
SP,3512308,Conchas,35014692,-
SP,3512407,Cordeirópolis,35021763,"5,6"
SP,3512407,Cordeirópolis,35021775,"3,7"
SP,3512407,Cordeirópolis,35922547,"4,0"
SP,3512506,Coroados,35030260,"4,1"
SP,3512605,Coronel Macedo,35014473,"4,0"
SP,3512704,Corumbataí,35021659,"4,8"
SP,3512803,Cosmópolis,35019975,"5,4"
SP,3512803,Cosmópolis,35045834,"4,8"
SP,3512803,Cosmópolis,35047272,"4,5"
SP,3512803,Cosmópolis,35909385,"5,2"
SP,3512803,Cosmópolis,35917761,"5,2"
SP,3512902,Cosmorama,35028964,"4,0"
SP,3513009,Cotia,35010492,"4,9"
SP,3513009,Cotia,35010510,"4,6"
SP,3513009,Cotia,35010522,"4,4"
SP,3513009,Cotia,35010546,-
SP,3513009,Cotia,35010558,-
SP,3513009,Cotia,35010561,"4,2"
SP,3513009,Cotia,35010571,-
SP,3513009,Cotia,35010583,-
SP,3513009,Cotia,35010595,-
SP,3513009,Cotia,35010601,"3,9"
SP,3513009,Cotia,35010625,"4,1"
SP,3513009,Cotia,35035488,"4,8"
SP,3513009,Cotia,35036675,"5,2"
SP,3513009,Cotia,35043862,"3,9"
SP,3513009,Cotia,35046590,"4,1"
SP,3513009,Cotia,35048124,"3,3"
SP,3513009,Cotia,35048136,"3,2"
SP,3513009,Cotia,35139646,-
SP,3513009,Cotia,35370824,-
SP,3513009,Cotia,35438261,"5,8"
SP,3513009,Cotia,35904843,"4,1"
SP,3513009,Cotia,35908551,"3,7"
SP,3513009,Cotia,35910570,"4,7"
SP,3513009,Cotia,35910582,-
SP,3513009,Cotia,35918763,"3,9"
SP,3513108,Cravinhos,35024260,"4,8"
SP,3513108,Cravinhos,35024272,-
SP,3513108,Cravinhos,35462792,"5,4"
SP,3513108,Cravinhos,35900631,-
SP,3513207,Cristais Paulista,35022861,"4,1"
SP,3513306,Cruzália,35033078,"5,1"
SP,3513405,Cruzeiro,35012361,"4,3"
SP,3513405,Cruzeiro,35012373,"3,8"
SP,3513405,Cruzeiro,35012385,"4,3"
SP,3513405,Cruzeiro,35012397,"3,9"
SP,3513405,Cruzeiro,35012506,"4,4"
SP,3513405,Cruzeiro,35012518,-
SP,3513405,Cruzeiro,35012531,"3,2"
SP,3513405,Cruzeiro,35110541,-
SP,3513405,Cruzeiro,35904831,"3,9"
SP,3513405,Cruzeiro,35918362,"4,3"
SP,3513504,Cubatão,35011423,-
SP,3513504,Cubatão,35011435,"5,0"
SP,3513504,Cubatão,35011642,"4,3"
SP,3513504,Cubatão,35011685,"4,0"
SP,3513504,Cubatão,35011691,"3,4"
SP,3513504,Cubatão,35047818,"4,8"
SP,3513504,Cubatão,35154271,-
SP,3513504,Cubatão,35390896,"5,8"
SP,3513504,Cubatão,35474873,-
SP,3513504,Cubatão,35923242,-
SP,3513603,Cunha,35012774,"4,5"
SP,3513603,Cunha,35012786,"4,7"
SP,3513603,Cunha,35924441,-
SP,3513603,Cunha,35926073,"4,6"
SP,3513702,Descalvado,35024417,"4,6"
SP,3513702,Descalvado,35115186,-
SP,3513702,Descalvado,35462846,"4,3"
SP,3513801,Diadema,35007341,"5,0"
SP,3513801,Diadema,35007377,-
SP,3513801,Diadema,35007389,"4,3"
SP,3513801,Diadema,35007390,"5,1"
SP,3513801,Diadema,35007407,"3,7"
SP,3513801,Diadema,35007444,"4,4"
SP,3513801,Diadema,35007456,-
SP,3513801,Diadema,35007493,"5,1"
SP,3513801,Diadema,35007500,"4,9"
SP,3513801,Diadema,35007523,"3,9"
SP,3513801,Diadema,35007535,"4,1"
SP,3513801,Diadema,35007547,"3,9"
SP,3513801,Diadema,35035671,"4,2"
SP,3513801,Diadema,35037285,"4,3"
SP,3513801,Diadema,35039329,-
SP,3513801,Diadema,35041178,-
SP,3513801,Diadema,35041185,"4,2"
SP,3513801,Diadema,35043321,-
SP,3513801,Diadema,35046462,"4,2"
SP,3513801,Diadema,35108510,-
SP,3513801,Diadema,35118242,-
SP,3513801,Diadema,35154283,-
SP,3513801,Diadema,35284348,"4,6"
SP,3513801,Diadema,35296533,"4,1"
SP,3513801,Diadema,35345891,"6,1"
SP,3513801,Diadema,35901970,"4,9"
SP,3513801,Diadema,35904661,"4,6"
SP,3513801,Diadema,35904673,"4,8"
SP,3513801,Diadema,35904697,"4,7"
SP,3513801,Diadema,35904703,"4,4"
SP,3513801,Diadema,35906633,"4,3"
SP,3513801,Diadema,35910223,"5,2"
SP,3513801,Diadema,35910247,"5,0"
SP,3513801,Diadema,35915749,"4,4"
SP,3513801,Diadema,35921130,"4,6"
SP,3513801,Diadema,35921397,"4,7"
SP,3513801,Diadema,35923148,"4,8"
SP,3513801,Diadema,35923151,"4,4"
SP,3513801,Diadema,35923163,"4,7"
SP,3513850,Dirce Reis,35027170,"4,7"
SP,3513900,Divinolândia,35019239,"4,6"
SP,3514007,Dobrada,35025100,"3,9"
SP,3514106,Dois Córregos,35025768,"3,7"
SP,3514106,Dois Córregos,35189873,-
SP,3514106,Dois Córregos,35901027,-
SP,3514205,Dolcinópolis,35027108,"4,3"
SP,3514304,Dourado,35024533,"4,7"
SP,3514403,Dracena,35031215,"5,1"
SP,3514403,Dracena,35031252,"4,3"
SP,3514403,Dracena,35031264,"5,5"
SP,3514403,Dracena,35031276,"4,2"
SP,3514403,Dracena,35911173,"4,9"
SP,3514502,Duartina,35025331,-
SP,3514601,Dumont,35023528,"4,6"
SP,3514700,Echaporã,35047703,"4,1"
SP,3514809,Eldorado,35035178,"4,4"
SP,3514809,Eldorado,35035212,"4,3"
SP,3514809,Eldorado,35903735,-
SP,3514809,Eldorado,35924489,"4,1"
SP,3514908,Elias Fausto,35020941,"4,2"
SP,3514908,Elias Fausto,35020953,"4,3"
SP,3514924,Elisiário,35026566,"4,3"
SP,3514957,Embaúba,35028186,"5,0"
SP,3515004,Embu das Artes,35010030,"5,2"
SP,3515004,Embu das Artes,35010054,"4,1"
SP,3515004,Embu das Artes,35010066,"4,6"
SP,3515004,Embu das Artes,35010091,"4,1"
SP,3515004,Embu das Artes,35010121,"4,7"
SP,3515004,Embu das Artes,35010133,"4,0"
SP,3515004,Embu das Artes,35010145,"4,0"
SP,3515004,Embu das Artes,35010315,"4,2"
SP,3515004,Embu das Artes,35036419,"4,5"
SP,3515004,Embu das Artes,35037114,"4,4"
SP,3515004,Embu das Artes,35037540,"4,2"
SP,3515004,Embu das Artes,35037552,"4,7"
SP,3515004,Embu das Artes,35038581,"4,5"
SP,3515004,Embu das Artes,35038600,"4,1"
SP,3515004,Embu das Artes,35040666,"3,3"
SP,3515004,Embu das Artes,35040678,-
SP,3515004,Embu das Artes,35040685,"4,3"
SP,3515004,Embu das Artes,35040691,"3,8"
SP,3515004,Embu das Artes,35044842,-
SP,3515004,Embu das Artes,35048422,"4,7"
SP,3515004,Embu das Artes,35191279,"4,5"
SP,3515004,Embu das Artes,35444388,"4,9"
SP,3515004,Embu das Artes,35446993,"5,7"
SP,3515004,Embu das Artes,35477321,"4,8"
SP,3515004,Embu das Artes,35566202,"4,4"
SP,3515004,Embu das Artes,35902100,"4,9"
SP,3515004,Embu das Artes,35906475,"4,5"
SP,3515004,Embu das Artes,35908587,"4,0"
SP,3515004,Embu das Artes,35908712,"3,7"
SP,3515004,Embu das Artes,35910715,"4,5"
SP,3515004,Embu das Artes,35919056,"4,3"
SP,3515004,Embu das Artes,35923345,"3,8"
SP,3515004,Embu das Artes,35924436,"4,5"
SP,3515103,Embu-Guaçu,35010273,-
SP,3515103,Embu-Guaçu,35010285,"4,3"
SP,3515103,Embu-Guaçu,35035403,-
SP,3515103,Embu-Guaçu,35040708,"4,6"
SP,3515103,Embu-Guaçu,35044878,"4,3"
SP,3515103,Embu-Guaçu,35049086,"4,2"
SP,3515103,Embu-Guaçu,35902160,"4,0"
SP,3515103,Embu-Guaçu,35904181,"4,1"
SP,3515103,Embu-Guaçu,35914782,-
SP,3515103,Embu-Guaçu,35914848,"4,1"
SP,3515129,Emilianópolis,35032815,"4,1"
SP,3515152,Engenheiro Coelho,35019938,"4,4"
SP,3515152,Engenheiro Coelho,35139968,-
SP,3515186,Espírito Santo do Pinhal,35020345,"4,2"
SP,3515186,Espírito Santo do Pinhal,35020357,"4,7"
SP,3515186,Espírito Santo do Pinhal,35020369,-
SP,3515186,Espírito Santo do Pinhal,35020424,"3,3"
SP,3515186,Espírito Santo do Pinhal,35020436,"3,2"
SP,3515194,Espírito Santo do Turvo,35038076,"4,3"
SP,3515202,Estrela d'Oeste,35026918,"4,5"
SP,3515301,Estrela do Norte,35032608,"4,4"
SP,3515350,Euclides da Cunha Paulista,35032141,"5,1"
SP,3515350,Euclides da Cunha Paulista,35032300,-
SP,3515350,Euclides da Cunha Paulista,35908800,"3,7"
SP,3515350,Euclides da Cunha Paulista,35909658,-
SP,3515350,Euclides da Cunha Paulista,35918015,-
SP,3515400,Fartura,35034368,"4,5"
SP,3515400,Fartura,35034373,"5,5"
SP,3515509,Fernandópolis,35026797,"3,7"
SP,3515509,Fernandópolis,35026839,"4,6"
SP,3515509,Fernandópolis,35026852,-
SP,3515509,Fernandópolis,35026876,-
SP,3515509,Fernandópolis,35026897,"4,6"
SP,3515509,Fernandópolis,35026979,-
SP,3515509,Fernandópolis,35026980,"5,0"
SP,3515509,Fernandópolis,35043023,"4,7"
SP,3515509,Fernandópolis,35047570,"4,6"
SP,3515509,Fernandópolis,35116087,-
SP,3515509,Fernandópolis,35290725,"6,4"
SP,3515509,Fernandópolis,35908137,"4,4"
SP,3515608,Fernando Prestes,35024831,"4,3"
SP,3515657,Fernão,35033522,"5,0"
SP,3515707,Ferraz de Vasconcelos,35007195,"4,8"
SP,3515707,Ferraz de Vasconcelos,35007213,"4,0"
SP,3515707,Ferraz de Vasconcelos,35007237,"4,5"
SP,3515707,Ferraz de Vasconcelos,35007262,"4,3"
SP,3515707,Ferraz de Vasconcelos,35007274,"4,5"
SP,3515707,Ferraz de Vasconcelos,35035506,"4,0"
SP,3515707,Ferraz de Vasconcelos,35035531,"3,5"
SP,3515707,Ferraz de Vasconcelos,35041166,"4,4"
SP,3515707,Ferraz de Vasconcelos,35108397,-
SP,3515707,Ferraz de Vasconcelos,35364265,"5,4"
SP,3515707,Ferraz de Vasconcelos,35906311,"3,7"
SP,3515707,Ferraz de Vasconcelos,35908502,"4,0"
SP,3515707,Ferraz de Vasconcelos,35908927,-
SP,3515707,Ferraz de Vasconcelos,35918623,-
SP,3515707,Ferraz de Vasconcelos,35922109,-
SP,3515707,Ferraz de Vasconcelos,35923291,"4,0"
SP,3515707,Ferraz de Vasconcelos,35923436,"4,8"
SP,3515707,Ferraz de Vasconcelos,35925652,-
SP,3515707,Ferraz de Vasconcelos,35925822,"4,6"
SP,3515806,Flora Rica,35030995,"4,4"
SP,3515905,Floreal,35030612,"5,0"
SP,3516002,Flórida Paulista,35030910,"3,7"
SP,3516101,Florínea,35033091,"4,4"
SP,3516200,Franca,35022792,"5,0"
SP,3516200,Franca,35022809,-
SP,3516200,Franca,35022810,-
SP,3516200,Franca,35022822,-
SP,3516200,Franca,35022846,-
SP,3516200,Franca,35022871,"4,0"
SP,3516200,Franca,35022913,"6,0"
SP,3516200,Franca,35022937,"4,4"
SP,3516200,Franca,35023127,"4,7"
SP,3516200,Franca,35023176,"5,2"
SP,3516200,Franca,35023197,"4,5"
SP,3516200,Franca,35036870,-
SP,3516200,Franca,35039007,"4,3"
SP,3516200,Franca,35046152,"4,4"
SP,3516200,Franca,35047454,"4,1"
SP,3516200,Franca,35049980,-
SP,3516200,Franca,35065997,"4,3"
SP,3516200,Franca,35066000,-
SP,3516200,Franca,35070002,"4,4"
SP,3516200,Franca,35070038,-
SP,3516200,Franca,35114431,-
SP,3516200,Franca,35351076,"4,8"
SP,3516200,Franca,35442318,-
SP,3516200,Franca,35442324,"4,0"
SP,3516200,Franca,35496534,"3,7"
SP,3516200,Franca,35496546,-
SP,3516200,Franca,35496558,"3,7"
SP,3516200,Franca,35497253,"4,4"
SP,3516200,Franca,35900655,"3,9"
SP,3516200,Franca,35900667,"5,1"
SP,3516200,Franca,35900679,"4,7"
SP,3516200,Franca,35905720,"4,1"
SP,3516200,Franca,35911252,-
SP,3516200,Franca,35911264,-
SP,3516200,Franca,35911276,-
SP,3516200,Franca,35914290,"5,1"
SP,3516200,Franca,35914307,-
SP,3516200,Franca,35916110,"3,8"
SP,3516200,Franca,35924969,-
SP,3516309,Francisco Morato,35005502,"4,6"
SP,3516309,Francisco Morato,35005770,-
SP,3516309,Francisco Morato,35038349,"3,9"
SP,3516309,Francisco Morato,35041853,"3,9"
SP,3516309,Francisco Morato,35044957,"3,9"
SP,3516309,Francisco Morato,35048781,"4,3"
SP,3516309,Francisco Morato,35050404,"3,9"
SP,3516309,Francisco Morato,35288408,"4,1"
SP,3516309,Francisco Morato,35440036,"5,5"
SP,3516309,Francisco Morato,35906232,"4,3"
SP,3516309,Francisco Morato,35913443,"3,8"
SP,3516309,Francisco Morato,35915233,"4,1"
SP,3516309,Francisco Morato,35916869,"4,9"
SP,3516309,Francisco Morato,35921026,"3,8"
SP,3516309,Francisco Morato,35923114,-
SP,3516309,Francisco Morato,35923631,"4,0"
SP,3516309,Francisco Morato,35924167,"3,7"
SP,3516309,Francisco Morato,35924532,"3,7"
SP,3516408,Franco da Rocha,35005654,-
SP,3516408,Franco da Rocha,35005666,"4,9"
SP,3516408,Franco da Rocha,35005678,"4,5"
SP,3516408,Franco da Rocha,35005691,"4,3"
SP,3516408,Franco da Rocha,35005708,-
SP,3516408,Franco da Rocha,35005712,"4,3"
SP,3516408,Franco da Rocha,35005769,"4,2"
SP,3516408,Franco da Rocha,35048811,"3,9"
SP,3516408,Franco da Rocha,35048823,"3,9"
SP,3516408,Franco da Rocha,35050428,"3,9"
SP,3516408,Franco da Rocha,35050436,"3,5"
SP,3516408,Franco da Rocha,35269396,"4,4"
SP,3516408,Franco da Rocha,35290671,"5,8"
SP,3516408,Franco da Rocha,35406806,"4,2"
SP,3516408,Franco da Rocha,35902676,"4,0"
SP,3516408,Franco da Rocha,35910636,"4,2"
SP,3516408,Franco da Rocha,35921038,"3,5"
SP,3516408,Franco da Rocha,35923643,-
SP,3516408,Franco da Rocha,35925482,-
SP,3516507,Gabriel Monteiro,35030211,"5,4"
SP,3516606,Gália,35033534,"4,4"
SP,3516705,Garça,35033388,-
SP,3516705,Garça,35033406,-
SP,3516705,Garça,35033424,"5,1"
SP,3516705,Garça,35033431,-
SP,3516705,Garça,35033443,"4,5"
SP,3516705,Garça,35033492,-
SP,3516705,Garça,35033509,"4,4"
SP,3516705,Garça,35117456,-
SP,3516804,Gastão Vidigal,35030659,"3,9"
SP,3516853,Gavião Peixoto,35021908,"4,2"
SP,3516903,General Salgado,35030661,"5,1"
SP,3517000,Getulina,35026360,-
SP,3517000,Getulina,35026384,-
SP,3517109,Glicério,35030181,"4,2"
SP,3517208,Guaiçara,35026347,-
SP,3517307,Guaimbê,35026396,"3,9"
SP,3517406,Guaíra,35022238,"4,3"
SP,3517406,Guaíra,35022421,"4,6"
SP,3517406,Guaíra,35022433,"3,8"
SP,3517505,Guapiaçu,35028241,"3,6"
SP,3517604,Guapiara,35014333,"4,3"
SP,3517604,Guapiara,35014394,-
SP,3517604,Guapiara,35043369,"4,7"
SP,3517604,Guapiara,35048227,"4,0"
SP,3517604,Guapiara,35910004,"4,4"
SP,3517604,Guapiara,35913534,"5,0"
SP,3517604,Guapiara,35913546,"4,1"
SP,3517703,Guará,35023310,"3,7"
SP,3517802,Guaraçaí,35029506,"4,7"
SP,3517901,Guaraci,35028095,"4,1"
SP,3518008,Guarani d'Oeste,35026864,-
SP,3518107,Guarantã,35026402,"4,0"
SP,3518206,Guararapes,35029944,"4,7"
SP,3518206,Guararapes,35030041,"4,8"
SP,3518206,Guararapes,35116774,-
SP,3518206,Guararapes,35907248,"4,5"
SP,3518305,Guararema,35006762,"3,8"
SP,3518305,Guararema,35006774,-
SP,3518305,Guararema,35038398,"4,4"
SP,3518305,Guararema,35048082,-
SP,3518305,Guararema,35577078,"4,9"
SP,3518305,Guararema,35902743,"4,1"
SP,3518404,Guaratinguetá,35012634,"4,5"
SP,3518404,Guaratinguetá,35012658,"6,1"
SP,3518404,Guaratinguetá,35012661,"3,8"
SP,3518404,Guaratinguetá,35012683,-
SP,3518404,Guaratinguetá,35012695,"5,0"
SP,3518404,Guaratinguetá,35012750,"4,2"
SP,3518404,Guaratinguetá,35012841,"4,9"
SP,3518404,Guaratinguetá,35012890,-
SP,3518404,Guaratinguetá,35012919,-
SP,3518404,Guaratinguetá,35012920,"4,3"
SP,3518404,Guaratinguetá,35012932,-
SP,3518404,Guaratinguetá,35037175,-
SP,3518404,Guaratinguetá,35045378,"4,7"
SP,3518404,Guaratinguetá,35046000,-
SP,3518404,Guaratinguetá,35905045,"5,2"
SP,3518404,Guaratinguetá,35921725,"3,8"
SP,3518503,Guareí,35015003,"4,1"
SP,3518602,Guariba,35023590,"3,5"
SP,3518602,Guariba,35040034,"3,9"
SP,3518602,Guariba,35463589,"5,2"
SP,3518701,Guarujá,35011459,-
SP,3518701,Guarujá,35011460,-
SP,3518701,Guarujá,35011484,"3,9"
SP,3518701,Guarujá,35011496,"3,6"
SP,3518701,Guarujá,35011502,"4,1"
SP,3518701,Guarujá,35011514,"3,8"
SP,3518701,Guarujá,35011538,-
SP,3518701,Guarujá,35011548,"3,9"
SP,3518701,Guarujá,35011575,-
SP,3518701,Guarujá,35011587,"4,8"
SP,3518701,Guarujá,35011666,"3,8"
SP,3518701,Guarujá,35037217,"4,0"
SP,3518701,Guarujá,35038775,"4,3"
SP,3518701,Guarujá,35040824,-
SP,3518701,Guarujá,35042122,"3,5"
SP,3518701,Guarujá,35042146,-
SP,3518701,Guarujá,35043345,-
SP,3518701,Guarujá,35049141,-
SP,3518701,Guarujá,35186259,-
SP,3518701,Guarujá,35294937,"5,6"
SP,3518701,Guarujá,35903073,"3,7"
SP,3518701,Guarujá,35908885,-
SP,3518701,Guarujá,35925743,"4,2"
SP,3518800,Guarulhos,35005782,"4,8"
SP,3518800,Guarulhos,35005824,"4,7"
SP,3518800,Guarulhos,35005836,-
SP,3518800,Guarulhos,35005847,"6,0"
SP,3518800,Guarulhos,35005859,-
SP,3518800,Guarulhos,35005861,"4,5"
SP,3518800,Guarulhos,35005873,-
SP,3518800,Guarulhos,35005885,"3,4"
SP,3518800,Guarulhos,35005903,"4,3"
SP,3518800,Guarulhos,35005915,"4,7"
SP,3518800,Guarulhos,35005976,"4,5"
SP,3518800,Guarulhos,35005988,"3,5"
SP,3518800,Guarulhos,35005997,"5,1"
SP,3518800,Guarulhos,35006026,"4,8"
SP,3518800,Guarulhos,35006048,"3,6"
SP,3518800,Guarulhos,35006051,"4,7"
SP,3518800,Guarulhos,35006063,"3,9"
SP,3518800,Guarulhos,35006075,"4,6"
SP,3518800,Guarulhos,35006087,"4,5"
SP,3518800,Guarulhos,35006099,-
SP,3518800,Guarulhos,35006117,"4,7"
SP,3518800,Guarulhos,35006142,"4,7"
SP,3518800,Guarulhos,35006154,-
SP,3518800,Guarulhos,35006166,"5,1"
SP,3518800,Guarulhos,35006178,"4,3"
SP,3518800,Guarulhos,35006208,"4,7"
SP,3518800,Guarulhos,35006257,"4,6"
SP,3518800,Guarulhos,35006269,"4,7"
SP,3518800,Guarulhos,35006270,"3,6"
SP,3518800,Guarulhos,35006282,"3,7"
SP,3518800,Guarulhos,35006294,"4,2"
SP,3518800,Guarulhos,35006312,"4,2"
SP,3518800,Guarulhos,35006348,"4,4"
SP,3518800,Guarulhos,35006373,-
SP,3518800,Guarulhos,35006397,"3,5"
SP,3518800,Guarulhos,35006427,"3,8"
SP,3518800,Guarulhos,35006439,"3,7"
SP,3518800,Guarulhos,35006440,"3,4"
SP,3518800,Guarulhos,35006452,"4,3"
SP,3518800,Guarulhos,35006464,"3,8"
SP,3518800,Guarulhos,35006506,-
SP,3518800,Guarulhos,35035701,"4,3"
SP,3518800,Guarulhos,35035713,"3,9"
SP,3518800,Guarulhos,35035725,"4,1"
SP,3518800,Guarulhos,35036158,-
SP,3518800,Guarulhos,35036687,"4,4"
SP,3518800,Guarulhos,35038362,"4,4"
SP,3518800,Guarulhos,35038374,"4,1"
SP,3518800,Guarulhos,35041099,"4,8"
SP,3518800,Guarulhos,35041919,"3,8"
SP,3518800,Guarulhos,35041920,-
SP,3518800,Guarulhos,35041932,-
SP,3518800,Guarulhos,35046413,"3,9"
SP,3518800,Guarulhos,35046425,-
SP,3518800,Guarulhos,35046437,"4,0"
SP,3518800,Guarulhos,35048859,"4,1"
SP,3518800,Guarulhos,35048860,-
SP,3518800,Guarulhos,35048872,"4,0"
SP,3518800,Guarulhos,35079893,"4,3"
SP,3518800,Guarulhos,35108078,-
SP,3518800,Guarulhos,35125179,-
SP,3518800,Guarulhos,35126615,-
SP,3518800,Guarulhos,35152785,-
SP,3518800,Guarulhos,35191206,"4,2"
SP,3518800,Guarulhos,35285785,-
SP,3518800,Guarulhos,35297525,"3,7"
SP,3518800,Guarulhos,35297537,"4,2"
SP,3518800,Guarulhos,35337729,-
SP,3518800,Guarulhos,35352585,-
SP,3518800,Guarulhos,35411292,"4,2"
SP,3518800,Guarulhos,35437736,"4,3"
SP,3518800,Guarulhos,35463140,"5,2"
SP,3518800,Guarulhos,35468400,-
SP,3518800,Guarulhos,35578022,"4,1"
SP,3518800,Guarulhos,35900114,"3,9"
SP,3518800,Guarulhos,35900138,"4,5"
SP,3518800,Guarulhos,35900148,-
SP,3518800,Guarulhos,35900151,"4,0"
SP,3518800,Guarulhos,35900163,"3,9"
SP,3518800,Guarulhos,35901830,-
SP,3518800,Guarulhos,35904806,"3,5"
SP,3518800,Guarulhos,35907085,"3,8"
SP,3518800,Guarulhos,35908459,"3,3"
SP,3518800,Guarulhos,35908861,-
SP,3518800,Guarulhos,35908873,"3,9"
SP,3518800,Guarulhos,35912487,"4,3"
SP,3518800,Guarulhos,35913832,"4,4"
SP,3518800,Guarulhos,35914757,-
SP,3518800,Guarulhos,35916821,-
SP,3518800,Guarulhos,35916857,"4,5"
SP,3518800,Guarulhos,35920496,"4,2"
SP,3518800,Guarulhos,35921048,"4,7"
SP,3518800,Guarulhos,35921385,"4,8"
SP,3518800,Guarulhos,35921476,-
SP,3518800,Guarulhos,35923175,"4,2"
SP,3518800,Guarulhos,35923187,"4,0"
SP,3518800,Guarulhos,35923199,"4,1"
SP,3518800,Guarulhos,35923357,"3,2"
SP,3518800,Guarulhos,35923424,"3,5"
SP,3518800,Guarulhos,35923761,"5,2"
SP,3518800,Guarulhos,35923771,"4,3"
SP,3518800,Guarulhos,35923783,-
SP,3518800,Guarulhos,35924052,"4,7"
SP,3518800,Guarulhos,35925044,"3,9"
SP,3518800,Guarulhos,35925056,"4,3"
SP,3518800,Guarulhos,35925068,"3,3"
SP,3518800,Guarulhos,35925073,-
SP,3518800,Guarulhos,35925111,"3,9"
SP,3518800,Guarulhos,35925123,"4,3"
SP,3518800,Guarulhos,35925559,"3,2"
SP,3518800,Guarulhos,35925561,-
SP,3518800,Guarulhos,35925585,-
SP,3518859,Guatapará,35024132,"3,9"
SP,3518909,Guzolândia,35030752,"4,5"
SP,3519006,Herculândia,35034678,"3,0"
SP,3519055,Holambra,35017450,"3,9"
SP,3519071,Hortolândia,35017255,"4,8"
SP,3519071,Hortolândia,35017279,"5,0"
SP,3519071,Hortolândia,35036468,"4,1"
SP,3519071,Hortolândia,35039858,"4,9"
SP,3519071,Hortolândia,35039861,-
SP,3519071,Hortolândia,35045524,-
SP,3519071,Hortolândia,35047806,"3,8"
SP,3519071,Hortolândia,35048240,"4,7"
SP,3519071,Hortolândia,35048264,"3,4"
SP,3519071,Hortolândia,35048276,"4,2"
SP,3519071,Hortolândia,35070294,"3,9"
SP,3519071,Hortolândia,35456469,"5,9"
SP,3519071,Hortolândia,35462019,"4,9"
SP,3519071,Hortolândia,35462342,"4,9"
SP,3519071,Hortolândia,35466682,-
SP,3519071,Hortolândia,35580824,"4,1"
SP,3519071,Hortolândia,35585488,-
SP,3519071,Hortolândia,35900527,-
SP,3519071,Hortolândia,35907595,"4,4"
SP,3519071,Hortolândia,35909610,-
SP,3519071,Hortolândia,35917540,-
SP,3519071,Hortolândia,35917552,"4,6"
SP,3519071,Hortolândia,35917965,"4,1"
SP,3519071,Hortolândia,35919378,"4,7"
SP,3519071,Hortolândia,35924131,-
SP,3519071,Hortolândia,35924994,"4,7"
SP,3519071,Hortolândia,35925962,"6,1"
SP,3519105,Iacanga,35025197,-
SP,3519204,Iacri,35034496,"3,9"
SP,3519253,Iaras,35014552,"4,4"
SP,3519253,Iaras,35566032,-
SP,3519303,Ibaté,35024508,"5,0"
SP,3519303,Ibaté,35024545,"4,9"
SP,3519303,Ibaté,35434784,-
SP,3519303,Ibaté,35475221,"4,9"
SP,3519303,Ibaté,35579427,"4,1"
SP,3519303,Ibaté,35907820,"4,9"
SP,3519303,Ibaté,35913736,"4,7"
SP,3519402,Ibirá,35027972,"3,4"
SP,3519501,Ibirarema,35033947,"4,0"
SP,3519600,Ibitinga,35025021,"4,5"
SP,3519600,Ibitinga,35025045,"4,6"
SP,3519600,Ibitinga,35025070,"5,3"
SP,3519600,Ibitinga,35047491,"5,0"
SP,3519600,Ibitinga,35337705,"5,9"
SP,3519600,Ibitinga,35914368,-
SP,3519709,Ibiúna,35015854,"4,6"
SP,3519709,Ibiúna,35015957,"4,6"
SP,3519709,Ibiúna,35015970,"4,8"
SP,3519709,Ibiúna,35015982,-
SP,3519709,Ibiúna,35016044,"5,2"
SP,3519709,Ibiúna,35016056,"3,9"
SP,3519709,Ibiúna,35907133,"4,4"
SP,3519709,Ibiúna,35914587,"4,5"
SP,3519709,Ibiúna,35920204,"4,6"
SP,3519709,Ibiúna,35920216,-
SP,3519808,Icém,35027819,"4,2"
SP,3519907,Iepê,35032529,"4,5"
SP,3520004,Igaraçu do Tietê,35025963,-
SP,3520004,Igaraçu do Tietê,35115859,-
SP,3520004,Igaraçu do Tietê,35909282,"4,2"
SP,3520103,Igarapava,35023231,"4,0"
SP,3520103,Igarapava,35023437,"4,8"
SP,3520103,Igarapava,35062339,"3,9"
SP,3520202,Igaratá,35013959,-
SP,3520301,Iguape,35034769,"4,8"
SP,3520301,Iguape,35034794,"5,4"
SP,3520301,Iguape,35039056,"4,7"
SP,3520301,Iguape,35047715,"4,2"
SP,3520301,Iguape,35047727,-
SP,3520301,Iguape,35908344,"5,0"
SP,3520400,Ilhabela,35004118,-
SP,3520400,Ilhabela,35011228,"4,1"
SP,3520400,Ilhabela,35042092,"4,4"
SP,3520426,Ilha Comprida,35903723,"4,7"
SP,3520442,Ilha Solteira,35011416,"6,0"
SP,3520442,Ilha Solteira,35030740,"4,4"
SP,3520442,Ilha Solteira,35036195,"4,5"
SP,3520442,Ilha Solteira,35920548,"5,6"
SP,3520509,Indaiatuba,35018624,"4,6"
SP,3520509,Indaiatuba,35018661,"5,1"
SP,3520509,Indaiatuba,35018673,"4,4"
SP,3520509,Indaiatuba,35018843,"5,9"
SP,3520509,Indaiatuba,35018909,"4,4"
SP,3520509,Indaiatuba,35045724,"4,7"
SP,3520509,Indaiatuba,35047788,"4,1"
SP,3520509,Indaiatuba,35049463,"5,4"
SP,3520509,Indaiatuba,35049475,"4,4"
SP,3520509,Indaiatuba,35123535,-
SP,3520509,Indaiatuba,35439368,-
SP,3520509,Indaiatuba,35446567,-
SP,3520509,Indaiatuba,35462378,"5,6"
SP,3520509,Indaiatuba,35496601,"5,1"
SP,3520509,Indaiatuba,35903929,"5,1"
SP,3520509,Indaiatuba,35907424,"5,5"
SP,3520509,Indaiatuba,35909403,"4,9"
SP,3520509,Indaiatuba,35909415,"4,6"
SP,3520509,Indaiatuba,35909427,"4,0"
SP,3520509,Indaiatuba,35913972,-
SP,3520509,Indaiatuba,35920083,"4,5"
SP,3520608,Indiana,35032612,"3,4"
SP,3520707,Indiaporã,35026931,"4,5"
SP,3520806,Inúbia Paulista,35031598,"4,1"
SP,3520905,Ipaussu,35033959,"5,6"
SP,3520905,Ipaussu,35034009,"4,1"
SP,3521002,Iperó,35016858,"4,5"
SP,3521002,Iperó,35908228,"4,4"
SP,3521101,Ipeúna,35006867,"5,1"
SP,3521101,Ipeúna,35021672,-
SP,3521150,Ipiguá,35028617,"4,5"
SP,3521200,Iporanga,35014321,"4,5"
SP,3521309,Ipuã,35024818,"3,4"
SP,3521408,Iracemápolis,35020000,-
SP,3521408,Iracemápolis,35047284,"5,1"
SP,3521507,Irapuã,35027873,"5,4"
SP,3521606,Irapuru,35030958,"4,4"
SP,3521705,Itaberá,35015436,"4,5"
SP,3521705,Itaberá,35015453,"4,4"
SP,3521705,Itaberá,35039718,"4,2"
SP,3521705,Itaberá,35437748,"4,8"
SP,3521705,Itaberá,35903206,"5,0"
SP,3521804,Itaí,35014485,"3,8"
SP,3521804,Itaí,35903188,-
SP,3521804,Itaí,35924337,"3,6"
SP,3521903,Itajobi,35027881,"4,6"
SP,3522000,Itaju,35025773,"4,0"
SP,3522109,Itanhaém,35011952,-
SP,3522109,Itanhaém,35012002,"4,7"
SP,3522109,Itanhaém,35012026,-
SP,3522109,Itanhaém,35012038,"4,5"
SP,3522109,Itanhaém,35037254,-
SP,3522109,Itanhaém,35043357,"4,3"
SP,3522109,Itanhaém,35299352,"5,7"
SP,3522109,Itanhaém,35907935,"3,5"
SP,3522109,Itanhaém,35919986,-
SP,3522158,Itaoca,35014345,"4,7"
SP,3522158,Itaoca,35041452,"4,1"
SP,3522158,Itaoca,35048203,-
SP,3522208,Itapecerica da Serra,35009957,"5,1"
SP,3522208,Itapecerica da Serra,35009970,"4,0"
SP,3522208,Itapecerica da Serra,35009982,"4,2"
SP,3522208,Itapecerica da Serra,35009994,-
SP,3522208,Itapecerica da Serra,35010005,-
SP,3522208,Itapecerica da Serra,35010029,"4,5"
SP,3522208,Itapecerica da Serra,35010327,-
SP,3522208,Itapecerica da Serra,35035427,"4,5"
SP,3522208,Itapecerica da Serra,35036407,-
SP,3522208,Itapecerica da Serra,35037138,"4,0"
SP,3522208,Itapecerica da Serra,35040721,"5,2"
SP,3522208,Itapecerica da Serra,35040733,"4,7"
SP,3522208,Itapecerica da Serra,35040745,"4,0"
SP,3522208,Itapecerica da Serra,35040757,"4,4"
SP,3522208,Itapecerica da Serra,35044854,"4,6"
SP,3522208,Itapecerica da Serra,35049098,"4,8"
SP,3522208,Itapecerica da Serra,35061591,"4,5"
SP,3522208,Itapecerica da Serra,35902135,-
SP,3522208,Itapecerica da Serra,35902159,"4,4"
SP,3522208,Itapecerica da Serra,35906517,"4,6"
SP,3522208,Itapecerica da Serra,35918659,"4,6"
SP,3522208,Itapecerica da Serra,35923308,"4,6"
SP,3522208,Itapecerica da Serra,35925597,"4,6"
SP,3522208,Itapecerica da Serra,35925603,"4,7"
SP,3522208,Itapecerica da Serra,35925615,-
SP,3522307,Itapetininga,35015039,"4,1"
SP,3522307,Itapetininga,35015040,"4,1"
SP,3522307,Itapetininga,35015052,"4,3"
SP,3522307,Itapetininga,35015064,"4,6"
SP,3522307,Itapetininga,35015088,"5,2"
SP,3522307,Itapetininga,35015106,-
SP,3522307,Itapetininga,35015143,"4,0"
SP,3522307,Itapetininga,35015155,"3,9"
SP,3522307,Itapetininga,35015167,"5,1"
SP,3522307,Itapetininga,35015180,"4,6"
SP,3522307,Itapetininga,35015209,"5,2"
SP,3522307,Itapetininga,35015246,-
SP,3522307,Itapetininga,35043394,"5,0"
SP,3522307,Itapetininga,35046899,"3,9"
SP,3522307,Itapetininga,35046905,"4,6"
SP,3522307,Itapetininga,35070117,"4,5"
SP,3522307,Itapetininga,35111545,-
SP,3522307,Itapetininga,35456433,-
SP,3522307,Itapetininga,35478015,"5,7"
SP,3522307,Itapetininga,35900285,"4,1"
SP,3522307,Itapetininga,35905239,"4,5"
SP,3522307,Itapetininga,35910557,"4,3"
SP,3522307,Itapetininga,35919822,"4,2"
SP,3522406,Itapeva,35015404,"4,2"
SP,3522406,Itapeva,35015416,"5,8"
SP,3522406,Itapeva,35015477,"4,4"
SP,3522406,Itapeva,35015489,-
SP,3522406,Itapeva,35015519,-
SP,3522406,Itapeva,35015544,"4,8"
SP,3522406,Itapeva,35035336,"4,7"
SP,3522406,Itapeva,35035348,"4,8"
SP,3522406,Itapeva,35043412,"4,8"
SP,3522406,Itapeva,35049323,"4,7"
SP,3522406,Itapeva,35111582,-
SP,3522406,Itapeva,35905227,"4,6"
SP,3522505,Itapevi,35010388,"4,3"
SP,3522505,Itapevi,35010424,"3,8"
SP,3522505,Itapevi,35010431,"4,3"
SP,3522505,Itapevi,35010443,"4,5"
SP,3522505,Itapevi,35010467,"3,5"
SP,3522505,Itapevi,35010479,"3,6"
SP,3522505,Itapevi,35010480,"5,0"
SP,3522505,Itapevi,35010613,"3,5"
SP,3522505,Itapevi,35010650,"3,7"
SP,3522505,Itapevi,35043886,"4,2"
SP,3522505,Itapevi,35046607,-
SP,3522505,Itapevi,35048161,"3,5"
SP,3522505,Itapevi,35048173,"3,6"
SP,3522505,Itapevi,35048975,"4,6"
SP,3522505,Itapevi,35048999,"3,9"
SP,3522505,Itapevi,35149317,"3,4"
SP,3522505,Itapevi,35352561,"4,3"
SP,3522505,Itapevi,35902044,"4,0"
SP,3522505,Itapevi,35908548,-
SP,3522505,Itapevi,35910454,-
SP,3522505,Itapevi,35921439,-
SP,3522505,Itapevi,35923874,"5,6"
SP,3522604,Itapira,35006900,-
SP,3522604,Itapira,35017498,-
SP,3522604,Itapira,35017516,"3,8"
SP,3522604,Itapira,35017590,-
SP,3522604,Itapira,35017620,"4,1"
SP,3522604,Itapira,35017681,"4,0"
SP,3522604,Itapira,35041488,-
SP,3522604,Itapira,35113499,-
SP,3522604,Itapira,35434589,"6,0"
SP,3522604,Itapira,35911124,"5,2"
SP,3522653,Itapirapuã Paulista,35040848,-
SP,3522653,Itapirapuã Paulista,35912037,"4,9"
SP,3522703,Itápolis,35024922,"4,9"
SP,3522703,Itápolis,35025082,"4,4"
SP,3522703,Itápolis,35025094,-
SP,3522703,Itápolis,35025136,"5,5"
SP,3522703,Itápolis,35919470,"4,6"
SP,3522802,Itaporanga,35015362,"4,1"
SP,3522802,Itaporanga,35040356,"4,1"
SP,3522802,Itaporanga,35918556,"4,3"
SP,3522901,Itapuí,35044097,"4,2"
SP,3523008,Itapura,35029488,"4,5"
SP,3523107,Itaquaquecetuba,35007079,"3,4"
SP,3523107,Itaquaquecetuba,35007080,"3,3"
SP,3523107,Itaquaquecetuba,35007109,-
SP,3523107,Itaquaquecetuba,35007122,"4,1"
SP,3523107,Itaquaquecetuba,35007134,"4,4"
SP,3523107,Itaquaquecetuba,35007286,-
SP,3523107,Itaquaquecetuba,35011599,-
SP,3523107,Itaquaquecetuba,35036353,-
SP,3523107,Itaquaquecetuba,35038428,"4,2"
SP,3523107,Itaquaquecetuba,35040502,"3,7"
SP,3523107,Itaquaquecetuba,35043990,"4,4"
SP,3523107,Itaquaquecetuba,35045007,"4,1"
SP,3523107,Itaquaquecetuba,35045019,-
SP,3523107,Itaquaquecetuba,35446836,"5,5"
SP,3523107,Itaquaquecetuba,35497289,"4,1"
SP,3523107,Itaquaquecetuba,35901921,"3,3"
SP,3523107,Itaquaquecetuba,35902408,"3,9"
SP,3523107,Itaquaquecetuba,35904430,-
SP,3523107,Itaquaquecetuba,35908642,"4,5"
SP,3523107,Itaquaquecetuba,35910181,-
SP,3523107,Itaquaquecetuba,35912293,-
SP,3523107,Itaquaquecetuba,35912300,"3,8"
SP,3523107,Itaquaquecetuba,35912311,"3,9"
SP,3523107,Itaquaquecetuba,35912323,-
SP,3523107,Itaquaquecetuba,35912335,"3,3"
SP,3523107,Itaquaquecetuba,35912347,"4,5"
SP,3523107,Itaquaquecetuba,35915269,-
SP,3523107,Itaquaquecetuba,35916584,"4,4"
SP,3523107,Itaquaquecetuba,35917102,"4,1"
SP,3523107,Itaquaquecetuba,35921257,-
SP,3523107,Itaquaquecetuba,35921497,"3,5"
SP,3523107,Itaquaquecetuba,35923312,-
SP,3523107,Itaquaquecetuba,35923321,"4,3"
SP,3523107,Itaquaquecetuba,35923709,"4,1"
SP,3523107,Itaquaquecetuba,35923722,"4,4"
SP,3523107,Itaquaquecetuba,35923928,"4,2"
SP,3523107,Itaquaquecetuba,35923936,"3,4"
SP,3523107,Itaquaquecetuba,35923941,"4,2"
SP,3523107,Itaquaquecetuba,35923953,"4,1"
SP,3523107,Itaquaquecetuba,35924416,-
SP,3523107,Itaquaquecetuba,35925512,"3,4"
SP,3523107,Itaquaquecetuba,35926059,-
SP,3523206,Itararé,35015301,"3,6"
SP,3523206,Itararé,35015313,"4,8"
SP,3523206,Itararé,35015325,-
SP,3523206,Itararé,35015337,-
SP,3523206,Itararé,35015600,-
SP,3523206,Itararé,35045275,"4,1"
SP,3523206,Itararé,35049359,"3,9"
SP,3523206,Itararé,35445927,"6,0"
SP,3523305,Itariri,35034812,"4,2"
SP,3523305,Itariri,35034836,"4,1"
SP,3523305,Itariri,35034952,"4,1"
SP,3523305,Itariri,35906049,"4,3"
SP,3523404,Itatiba,35019604,"4,5"
SP,3523404,Itatiba,35019677,"4,6"
SP,3523404,Itatiba,35019689,"6,4"
SP,3523404,Itatiba,35049499,"5,3"
SP,3523404,Itatiba,35071092,-
SP,3523404,Itatiba,35113062,-
SP,3523404,Itatiba,35901192,"4,8"
SP,3523503,Itatinga,35014448,"4,5"
SP,3523503,Itatinga,35910036,"3,8"
SP,3523602,Itirapina,35021684,"4,3"
SP,3523701,Itirapuã,35023059,"3,6"
SP,3523800,Itobi,35019124,-
SP,3523909,Itu,35015659,"5,5"
SP,3523909,Itu,35015660,"4,0"
SP,3523909,Itu,35015672,"4,6"
SP,3523909,Itu,35015696,-
SP,3523909,Itu,35015702,"5,6"
SP,3523909,Itu,35015748,"4,0"
SP,3523909,Itu,35015787,"4,3"
SP,3523909,Itu,35035257,-
SP,3523909,Itu,35038945,"4,3"
SP,3523909,Itu,35042389,"5,0"
SP,3523909,Itu,35045287,"5,2"
SP,3523909,Itu,35111636,-
SP,3523909,Itu,35362759,"4,4"
SP,3523909,Itu,35900291,"4,2"
SP,3523909,Itu,35920940,"3,9"
SP,3523909,Itu,35924118,"3,8"
SP,3523909,Itu,35924124,"3,7"
SP,3523909,Itu,35925895,-
SP,3524006,Itupeva,35019653,"4,2"
SP,3524006,Itupeva,35019665,"4,7"
SP,3524006,Itupeva,35909488,"4,2"
SP,3524006,Itupeva,35910521,"4,7"
SP,3524006,Itupeva,35915609,"4,2"
SP,3524105,Ituverava,35023383,"3,8"
SP,3524105,Ituverava,35440985,-
SP,3524204,Jaborandi,35022287,"4,5"
SP,3524303,Jaboticabal,35023541,"4,1"
SP,3524303,Jaboticabal,35023565,"4,3"
SP,3524303,Jaboticabal,35023711,"3,6"
SP,3524303,Jaboticabal,35023735,"3,7"
SP,3524303,Jaboticabal,35023760,"4,8"
SP,3524303,Jaboticabal,35045998,"5,7"
SP,3524303,Jaboticabal,35114561,-
SP,3524303,Jaboticabal,35922511,-
SP,3524402,Jacareí,35004630,-
SP,3524402,Jacareí,35013687,"4,3"
SP,3524402,Jacareí,35013705,"4,7"
SP,3524402,Jacareí,35013785,"5,2"
SP,3524402,Jacareí,35013808,"3,6"
SP,3524402,Jacareí,35013812,-
SP,3524402,Jacareí,35013821,"3,2"
SP,3524402,Jacareí,35013845,"4,1"
SP,3524402,Jacareí,35013961,"5,8"
SP,3524402,Jacareí,35013973,-
SP,3524402,Jacareí,35036341,"3,4"
SP,3524402,Jacareí,35039597,"4,5"
SP,3524402,Jacareí,35039639,"4,1"
SP,3524402,Jacareí,35039652,"4,1"
SP,3524402,Jacareí,35042286,"4,0"
SP,3524402,Jacareí,35045412,"4,5"
SP,3524402,Jacareí,35045421,-
SP,3524402,Jacareí,35045433,-
SP,3524402,Jacareí,35049232,"5,4"
SP,3524402,Jacareí,35049256,"4,6"
SP,3524402,Jacareí,35110875,-
SP,3524402,Jacareí,35127292,"5,2"
SP,3524402,Jacareí,35903164,-
SP,3524402,Jacareí,35908022,"3,6"
SP,3524402,Jacareí,35924295,"4,1"
SP,3524402,Jacareí,35924581,"4,0"
SP,3524402,Jacareí,35924912,"5,0"
SP,3524402,Jacareí,35925901,"4,5"
SP,3524402,Jacareí,35926024,"4,0"
SP,3524501,Jaci,35027364,-
SP,3524600,Jacupiranga,35035014,"4,4"
SP,3524709,Jaguariúna,35017700,"5,4"
SP,3524709,Jaguariúna,35047053,"4,3"
SP,3524709,Jaguariúna,35150034,-
SP,3524709,Jaguariúna,35913996,"4,0"
SP,3524808,Jales,35027145,"4,0"
SP,3524808,Jales,35027224,"5,2"
SP,3524808,Jales,35027261,"3,9"
SP,3524808,Jales,35027285,"5,1"
SP,3524808,Jales,35049700,"4,7"
SP,3524808,Jales,35906104,"4,9"
SP,3524808,Jales,35910934,"5,1"
SP,3524907,Jambeiro,35013699,"4,4"
SP,3525003,Jandira,35010364,"4,2"
SP,3525003,Jandira,35010376,"3,6"
SP,3525003,Jandira,35010397,"5,6"
SP,3525003,Jandira,35010649,"4,0"
SP,3525003,Jandira,35010662,"4,4"
SP,3525003,Jandira,35041373,"3,3"
SP,3525003,Jandira,35041385,"4,6"
SP,3525003,Jandira,35044817,-
SP,3525003,Jandira,35049013,"4,3"
SP,3525003,Jandira,35481658,-
SP,3525003,Jandira,35496790,"4,7"
SP,3525003,Jandira,35908563,"4,3"
SP,3525003,Jandira,35918787,"4,7"
SP,3525003,Jandira,35921440,"3,7"
SP,3525003,Jandira,35923333,"4,2"
SP,3525102,Jardinópolis,35023985,"4,9"
SP,3525102,Jardinópolis,35024144,"3,9"
SP,3525102,Jardinópolis,35114686,-
SP,3525201,Jarinu,35019860,"4,9"
SP,3525201,Jarinu,35901222,"4,4"
SP,3525201,Jarinu,35910533,"4,6"
SP,3525201,Jarinu,35919305,"4,5"
SP,3525300,Jaú,35025616,"4,6"
SP,3525300,Jaú,35025628,"3,8"
SP,3525300,Jaú,35025636,"4,5"
SP,3525300,Jaú,35025641,"6,1"
SP,3525300,Jaú,35025781,-
SP,3525300,Jaú,35025811,"4,1"
SP,3525300,Jaú,35025835,"5,4"
SP,3525300,Jaú,35025847,"5,2"
SP,3525300,Jaú,35025859,"4,4"
SP,3525300,Jaú,35044106,-
SP,3525300,Jaú,35115678,-
SP,3525300,Jaú,35377156,"3,3"
SP,3525300,Jaú,35496376,"5,9"
SP,3525300,Jaú,35561010,-
SP,3525300,Jaú,35900023,-
SP,3525300,Jaú,35909300,"4,7"
SP,3525409,Jeriquara,35023139,"4,0"
SP,3525508,Joanópolis,35017814,"4,6"
SP,3525607,João Ramalho,35032384,-
SP,3525706,José Bonifácio,35027315,"4,5"
SP,3525706,José Bonifácio,35027340,-
SP,3525706,José Bonifácio,35027443,"3,9"
SP,3525706,José Bonifácio,35116154,-
SP,3525706,José Bonifácio,35906116,"3,7"
SP,3525805,Júlio Mesquita,35026414,"3,9"
SP,3525854,Jumirim,35016585,"4,5"
SP,3525904,Jundiaí,35009500,"6,0"
SP,3525904,Jundiaí,35019379,"5,0"
SP,3525904,Jundiaí,35019380,"4,8"
SP,3525904,Jundiaí,35019409,"4,1"
SP,3525904,Jundiaí,35019422,"4,1"
SP,3525904,Jundiaí,35019434,"4,1"
SP,3525904,Jundiaí,35019446,"4,8"
SP,3525904,Jundiaí,35019501,-
SP,3525904,Jundiaí,35019537,"4,7"
SP,3525904,Jundiaí,35019550,"4,9"
SP,3525904,Jundiaí,35019690,"4,8"
SP,3525904,Jundiaí,35019719,"4,8"
SP,3525904,Jundiaí,35019720,"5,6"
SP,3525904,Jundiaí,35019732,"5,0"
SP,3525904,Jundiaí,35019744,"4,4"
SP,3525904,Jundiaí,35019768,"5,1"
SP,3525904,Jundiaí,35019781,-
SP,3525904,Jundiaí,35019800,"5,4"
SP,3525904,Jundiaí,35019835,"4,5"
SP,3525904,Jundiaí,35019847,"6,1"
SP,3525904,Jundiaí,35019859,"4,3"
SP,3525904,Jundiaí,35019872,"4,8"
SP,3525904,Jundiaí,35035993,"4,3"
SP,3525904,Jundiaí,35036006,"3,7"
SP,3525904,Jundiaí,35036043,"4,9"
SP,3525904,Jundiaí,35039962,"4,2"
SP,3525904,Jundiaí,35039974,-
SP,3525904,Jundiaí,35040885,"5,0"
SP,3525904,Jundiaí,35042705,"4,7"
SP,3525904,Jundiaí,35043539,-
SP,3525904,Jundiaí,35045755,-
SP,3525904,Jundiaí,35045986,"6,6"
SP,3525904,Jundiaí,35048297,"4,1"
SP,3525904,Jundiaí,35113136,-
SP,3525904,Jundiaí,35113153,-
SP,3525904,Jundiaí,35113177,-
SP,3525904,Jundiaí,35113189,-
SP,3525904,Jundiaí,35113190,-
SP,3525904,Jundiaí,35130588,-
SP,3525904,Jundiaí,35349124,"4,8"
SP,3525904,Jundiaí,35435119,"4,5"
SP,3525904,Jundiaí,35904090,"4,2"
SP,3525904,Jundiaí,35909506,"4,7"
SP,3525904,Jundiaí,35925020,-
SP,3526001,Junqueirópolis,35031525,"4,7"
SP,3526100,Juquiá,35034897,-
SP,3526100,Juquiá,35034903,"4,2"
SP,3526100,Juquiá,35034915,"4,8"
SP,3526100,Juquiá,35034939,"4,5"
SP,3526100,Juquiá,35040289,"4,0"
SP,3526209,Juquitiba,35010157,"4,6"
SP,3526209,Juquitiba,35036365,"4,2"
SP,3526209,Juquitiba,35044891,"4,6"
SP,3526209,Juquitiba,35902184,"4,9"
SP,3526209,Juquitiba,35903048,"5,0"
SP,3526209,Juquitiba,35913424,"5,9"
SP,3526308,Lagoinha,35012889,"4,9"
SP,3526407,Laranjal Paulista,35016536,"3,8"
SP,3526407,Laranjal Paulista,35016559,"4,8"
SP,3526506,Lavínia,35029452,"5,3"
SP,3526605,Lavrinhas,35012403,-
SP,3526605,Lavrinhas,35901489,"4,4"
SP,3526704,Leme,35021428,"4,5"
SP,3526704,Leme,35021490,"5,2"
SP,3526704,Leme,35021520,-
SP,3526704,Leme,35047797,-
SP,3526704,Leme,35070269,-
SP,3526704,Leme,35113897,-
SP,3526704,Leme,35901246,"4,7"
SP,3526704,Leme,35907467,-
SP,3526704,Leme,35910909,"6,1"
SP,3526704,Leme,35916024,-
SP,3526704,Leme,35924660,"3,9"
SP,3526803,Lençóis Paulista,35025896,-
SP,3526803,Lençóis Paulista,35025902,"5,0"
SP,3526803,Lençóis Paulista,35025938,-
SP,3526803,Lençóis Paulista,35035841,"4,3"
SP,3526803,Lençóis Paulista,35038064,"4,1"
SP,3526803,Lençóis Paulista,35049682,"5,0"
SP,3526803,Lençóis Paulista,35446816,"6,0"
SP,3526803,Lençóis Paulista,35480708,-
SP,3526902,Limeira,35020011,"5,8"
SP,3526902,Limeira,35020096,-
SP,3526902,Limeira,35020102,"4,9"
SP,3526902,Limeira,35020114,"4,8"
SP,3526902,Limeira,35020126,"4,5"
SP,3526902,Limeira,35020148,-
SP,3526902,Limeira,35020151,"4,1"
SP,3526902,Limeira,35020163,"5,4"
SP,3526902,Limeira,35020205,"5,5"
SP,3526902,Limeira,35020229,"5,1"
SP,3526902,Limeira,35045810,"4,8"
SP,3526902,Limeira,35045822,"5,3"
SP,3526902,Limeira,35045950,-
SP,3526902,Limeira,35047296,-
SP,3526902,Limeira,35048461,"5,4"
SP,3526902,Limeira,35049517,"4,6"
SP,3526902,Limeira,35113372,-
SP,3526902,Limeira,35113384,-
SP,3526902,Limeira,35581124,"4,2"
SP,3526902,Limeira,35901261,-
SP,3526902,Limeira,35904016,"3,9"
SP,3526902,Limeira,35909524,"4,2"
SP,3526902,Limeira,35914927,"4,9"
SP,3526902,Limeira,35917837,"4,7"
SP,3526902,Limeira,35920113,"4,3"
SP,3527009,Lindóia,35017437,"4,6"
SP,3527108,Lins,35026116,"4,4"
SP,3527108,Lins,35026128,-
SP,3527108,Lins,35026177,-
SP,3527108,Lins,35026189,"5,0"
SP,3527108,Lins,35294858,"5,2"
SP,3527207,Lorena,35012944,-
SP,3527207,Lorena,35012968,-
SP,3527207,Lorena,35013109,"4,5"
SP,3527207,Lorena,35013161,"4,0"
SP,3527207,Lorena,35110693,-
SP,3527207,Lorena,35446208,"5,3"
SP,3527207,Lorena,35901507,"4,6"
SP,3527207,Lorena,35903127,"4,9"
SP,3527207,Lorena,35907200,-
SP,3527207,Lorena,35922936,"6,7"
SP,3527256,Lourdes,35030193,"4,3"
SP,3527306,Louveira,35019458,"4,5"
SP,3527306,Louveira,35019549,"4,5"
SP,3527306,Louveira,35901271,-
SP,3527405,Lucélia,35030788,"4,3"
SP,3527405,Lucélia,35578915,-
SP,3527504,Lucianópolis,35025203,"4,1"
SP,3527603,Luís Antônio,35024223,"4,2"
SP,3527702,Luiziânia,35030478,"4,4"
SP,3527801,Lupércio,35033455,"4,4"
SP,3527900,Lutécia,35033005,"4,3"
SP,3528007,Macatuba,35026050,"4,2"
SP,3528007,Macatuba,35044040,-
SP,3528007,Macatuba,35920587,-
SP,3528106,Macaubal,35027509,"5,0"
SP,3528205,Macedônia,35026906,"4,8"
SP,3528304,Magda,35030533,"5,0"
SP,3528403,Mairinque,35016081,"4,4"
SP,3528403,Mairinque,35049396,"4,8"
SP,3528403,Mairinque,35443657,"5,6"
SP,3528403,Mairinque,35903231,"4,6"
SP,3528403,Mairinque,35903243,"4,6"
SP,3528502,Mairiporã,35005642,"4,4"
SP,3528502,Mairiporã,35005685,"4,2"
SP,3528502,Mairiporã,35005721,"4,1"
SP,3528502,Mairiporã,35005733,"4,3"
SP,3528502,Mairiporã,35005745,"3,4"
SP,3528502,Mairiporã,35039445,"3,6"
SP,3528502,Mairiporã,35501505,"5,7"
SP,3528502,Mairiporã,35902366,"4,4"
SP,3528502,Mairiporã,35902378,-
SP,3528502,Mairiporã,35902385,"4,2"
SP,3528502,Mairiporã,35902652,"4,1"
SP,3528502,Mairiporã,35904934,"4,1"
SP,3528502,Mairiporã,35908423,"4,8"
SP,3528601,Manduri,35034400,"4,2"
SP,3528700,Marabá Paulista,35032360,"4,4"
SP,3528809,Maracaí,35033017,"5,2"
SP,3528809,Maracaí,35033066,"4,8"
SP,3528809,Maracaí,35040186,-
SP,3528809,Maracaí,35905999,"4,1"
SP,3528858,Marapoama,35027900,"5,0"
SP,3528908,Mariápolis,35030892,"3,8"
SP,3529005,Marília,35033561,-
SP,3529005,Marília,35033583,"6,1"
SP,3529005,Marília,35033637,-
SP,3529005,Marília,35033698,"4,0"
SP,3529005,Marília,35033728,"5,2"
SP,3529005,Marília,35033753,"4,8"
SP,3529005,Marília,35033765,-
SP,3529005,Marília,35033777,"4,2"
SP,3529005,Marília,35033819,"3,8"
SP,3529005,Marília,35033832,"3,9"
SP,3529005,Marília,35033856,-
SP,3529005,Marília,35043242,"4,4"
SP,3529005,Marília,35043254,-
SP,3529005,Marília,35043655,-
SP,3529005,Marília,35044568,-
SP,3529005,Marília,35047843,"4,6"
SP,3529005,Marília,35047855,-
SP,3529005,Marília,35117535,-
SP,3529005,Marília,35474629,-
SP,3529005,Marília,35903693,-
SP,3529005,Marília,35907662,"4,9"
SP,3529005,Marília,35914198,"4,2"
SP,3529005,Marília,35923000,"4,9"
SP,3529104,Marinópolis,35028332,"5,1"
SP,3529203,Martinópolis,35032451,"5,0"
SP,3529203,Martinópolis,35032475,"3,8"
SP,3529203,Martinópolis,35032505,-
SP,3529302,Matão,35024934,"4,2"
SP,3529302,Matão,35024946,"3,8"
SP,3529302,Matão,35024958,"4,1"
SP,3529302,Matão,35025148,"4,1"
SP,3529302,Matão,35047909,"3,7"
SP,3529302,Matão,35079133,-
SP,3529302,Matão,35115373,-
SP,3529302,Matão,35497381,"4,9"
SP,3529302,Matão,35585440,"5,3"
SP,3529302,Matão,35907042,"4,9"
SP,3529302,Matão,35919412,-
SP,3529401,Mauá,35007560,"4,7"
SP,3529401,Mauá,35007584,"4,7"
SP,3529401,Mauá,35007596,"4,6"
SP,3529401,Mauá,35007602,"4,0"
SP,3529401,Mauá,35007648,"4,1"
SP,3529401,Mauá,35007729,"4,6"
SP,3529401,Mauá,35007742,"5,2"
SP,3529401,Mauá,35007766,"4,4"
SP,3529401,Mauá,35007791,"4,6"
SP,3529401,Mauá,35007808,"4,7"
SP,3529401,Mauá,35007821,"3,9"
SP,3529401,Mauá,35007833,"4,3"
SP,3529401,Mauá,35007845,"5,0"
SP,3529401,Mauá,35037308,-
SP,3529401,Mauá,35037312,"4,4"
SP,3529401,Mauá,35037321,-
SP,3529401,Mauá,35038453,"4,9"
SP,3529401,Mauá,35041973,-
SP,3529401,Mauá,35043849,"4,2"
SP,3529401,Mauá,35045081,"4,5"
SP,3529401,Mauá,35108561,-
SP,3529401,Mauá,35108583,-
SP,3529401,Mauá,35286710,"4,1"
SP,3529401,Mauá,35287994,"6,1"
SP,3529401,Mauá,35412983,"3,9"
SP,3529401,Mauá,35434164,"4,2"
SP,3529401,Mauá,35901994,"3,8"
SP,3529401,Mauá,35904715,"3,9"
SP,3529401,Mauá,35904739,"5,0"
SP,3529401,Mauá,35912384,-
SP,3529401,Mauá,35923229,"3,6"
SP,3529401,Mauá,35923400,"4,6"
SP,3529401,Mauá,35923825,"4,4"
SP,3529401,Mauá,35923837,"4,2"
SP,3529500,Mendonça,35027424,"4,4"
SP,3529609,Meridiano,35027005,"5,0"
SP,3529658,Mesópolis,35027054,"4,2"
SP,3529708,Miguelópolis,35023218,"4,8"
SP,3529708,Miguelópolis,35023449,"4,4"
SP,3529807,Mineiros do Tietê,35025653,-
SP,3529906,Miracatu,35034861,"4,6"
SP,3529906,Miracatu,35034873,"4,7"
SP,3529906,Miracatu,35034940,"4,5"
SP,3529906,Miracatu,35035269,"4,6"
SP,3529906,Miracatu,35040265,"3,4"
SP,3529906,Miracatu,35900035,"4,2"
SP,3529906,Miracatu,35911884,"4,0"
SP,3529906,Miracatu,35919561,"4,8"
SP,3530003,Mira Estrela,35026943,-
SP,3530102,Mirandópolis,35029336,"4,3"
SP,3530102,Mirandópolis,35029427,"4,5"
SP,3530102,Mirandópolis,35029661,"4,7"
SP,3530102,Mirandópolis,35116579,-
SP,3530201,Mirante do Paranapanema,35032852,-
SP,3530201,Mirante do Paranapanema,35032906,-
SP,3530201,Mirante do Paranapanema,35032918,"4,3"
SP,3530201,Mirante do Paranapanema,35032943,"4,4"
SP,3530201,Mirante do Paranapanema,35922559,"4,5"
SP,3530201,Mirante do Paranapanema,35925810,"4,9"
SP,3530300,Mirassol,35028472,"5,7"
SP,3530300,Mirassol,35028721,"4,5"
SP,3530300,Mirassol,35028800,"5,2"
SP,3530300,Mirassol,35028812,-
SP,3530300,Mirassol,35047594,"4,9"
SP,3530300,Mirassol,35911446,"4,2"
SP,3530409,Mirassolândia,35028897,"4,4"
SP,3530508,Mococa,35018971,"3,9"
SP,3530508,Mococa,35019012,-
SP,3530508,Mococa,35019161,"4,4"
SP,3530508,Mococa,35019197,"4,0"
SP,3530508,Mococa,35019203,-
SP,3530508,Mococa,35019215,-
SP,3530508,Mococa,35019331,-
SP,3530508,Mococa,35041497,"4,1"
SP,3530508,Mococa,35045974,-
SP,3530508,Mococa,35059791,-
SP,3530508,Mococa,35113013,-
SP,3530508,Mococa,35901295,"3,1"
SP,3530607,Mogi das Cruzes,35006609,"6,3"
SP,3530607,Mogi das Cruzes,35006610,"4,6"
SP,3530607,Mogi das Cruzes,35006622,"4,6"
SP,3530607,Mogi das Cruzes,35006646,-
SP,3530607,Mogi das Cruzes,35006661,"4,1"
SP,3530607,Mogi das Cruzes,35006671,"4,5"
SP,3530607,Mogi das Cruzes,35006683,"4,8"
SP,3530607,Mogi das Cruzes,35006695,-
SP,3530607,Mogi das Cruzes,35006701,-
SP,3530607,Mogi das Cruzes,35006713,"4,7"
SP,3530607,Mogi das Cruzes,35006725,"5,4"
SP,3530607,Mogi das Cruzes,35006798,"4,4"
SP,3530607,Mogi das Cruzes,35006804,-
SP,3530607,Mogi das Cruzes,35006816,-
SP,3530607,Mogi das Cruzes,35006836,-
SP,3530607,Mogi das Cruzes,35006841,"4,7"
SP,3530607,Mogi das Cruzes,35006865,"4,3"
SP,3530607,Mogi das Cruzes,35006889,"4,5"
SP,3530607,Mogi das Cruzes,35006919,"4,4"
SP,3530607,Mogi das Cruzes,35006920,"5,0"
SP,3530607,Mogi das Cruzes,35035543,"4,2"
SP,3530607,Mogi das Cruzes,35040496,"4,1"
SP,3530607,Mogi das Cruzes,35041105,-
SP,3530607,Mogi das Cruzes,35041129,-
SP,3530607,Mogi das Cruzes,35041130,"4,1"
SP,3530607,Mogi das Cruzes,35041944,-
SP,3530607,Mogi das Cruzes,35043795,"3,9"
SP,3530607,Mogi das Cruzes,35044982,"4,3"
SP,3530607,Mogi das Cruzes,35048495,-
SP,3530607,Mogi das Cruzes,35079900,"4,3"
SP,3530607,Mogi das Cruzes,35108303,-
SP,3530607,Mogi das Cruzes,35108315,-
SP,3530607,Mogi das Cruzes,35131039,-
SP,3530607,Mogi das Cruzes,35179565,-
SP,3530607,Mogi das Cruzes,35191243,"5,5"
SP,3530607,Mogi das Cruzes,35191267,-
SP,3530607,Mogi das Cruzes,35446312,"4,0"
SP,3530607,Mogi das Cruzes,35901945,-
SP,3530607,Mogi das Cruzes,35908514,"3,9"
SP,3530607,Mogi das Cruzes,35916948,"4,2"
SP,3530607,Mogi das Cruzes,35916961,"4,6"
SP,3530607,Mogi das Cruzes,35921063,"4,7"
SP,3530607,Mogi das Cruzes,35923060,-
SP,3530607,Mogi das Cruzes,35923072,-
SP,3530607,Mogi das Cruzes,35923977,"4,4"
SP,3530607,Mogi das Cruzes,35924830,"4,3"
SP,3530706,Mogi Guaçu,35020254,"5,2"
SP,3530706,Mogi Guaçu,35020278,"4,2"
SP,3530706,Mogi Guaçu,35020285,"3,8"
SP,3530706,Mogi Guaçu,35020291,-
SP,3530706,Mogi Guaçu,35020394,-
SP,3530706,Mogi Guaçu,35020400,"4,1"
SP,3530706,Mogi Guaçu,35021258,-
SP,3530706,Mogi Guaçu,35035920,"4,7"
SP,3530706,Mogi Guaçu,35038970,-
SP,3530706,Mogi Guaçu,35039202,-
SP,3530706,Mogi Guaçu,35047348,-
SP,3530706,Mogi Guaçu,35113542,-
SP,3530706,Mogi Guaçu,35221582,"5,1"
SP,3530706,Mogi Guaçu,35433871,"5,9"
SP,3530706,Mogi Guaçu,35579257,"4,5"
SP,3530706,Mogi Guaçu,35904041,"3,8"
SP,3530706,Mogi Guaçu,35904752,-
SP,3530706,Mogi Guaçu,35920757,"4,3"
SP,3530706,Mogi Guaçu,35925287,"4,6"
SP,3530805,Mogi Mirim,35020308,-
SP,3530805,Mogi Mirim,35020539,"5,6"
SP,3530805,Mogi Mirim,35020618,"4,0"
SP,3530805,Mogi Mirim,35020624,"4,2"
SP,3530805,Mogi Mirim,35020631,"4,2"
SP,3530805,Mogi Mirim,35020643,"5,5"
SP,3530805,Mogi Mirim,35020655,-
SP,3530805,Mogi Mirim,35579269,-
SP,3530805,Mogi Mirim,35901313,-
SP,3530805,Mogi Mirim,35924891,"4,1"
SP,3530904,Mombuca,35021124,"4,3"
SP,3531001,Monções,35027546,"4,7"
SP,3531100,Mongaguá,35012269,"3,6"
SP,3531100,Mongaguá,35036110,-
SP,3531100,Mongaguá,35045160,"4,2"
SP,3531100,Mongaguá,35920551,"5,6"
SP,3531209,Monte Alegre do Sul,35017425,"5,0"
SP,3531308,Monte Alto,35023577,"3,5"
SP,3531308,Monte Alto,35023668,"4,3"
SP,3531308,Monte Alto,35044623,"3,9"
SP,3531308,Monte Alto,35114601,-
SP,3531308,Monte Alto,35462421,"5,0"
SP,3531407,Monte Aprazível,35027561,-
SP,3531407,Monte Aprazível,35037163,"4,7"
SP,3531506,Monte Azul Paulista,35022697,"3,7"
SP,3531506,Monte Azul Paulista,35406004,"4,2"
SP,3531605,Monte Castelo,35031471,"4,0"
SP,3531704,Monteiro Lobato,35013328,"4,4"
SP,3531803,Monte Mor,35018727,"4,8"
SP,3531803,Monte Mor,35406272,"4,7"
SP,3531803,Monte Mor,35428899,-
SP,3531803,Monte Mor,35903930,"4,5"
SP,3531803,Monte Mor,35913017,"5,0"
SP,3531803,Monte Mor,35914009,"4,1"
SP,3531803,Monte Mor,35917783,"4,7"
SP,3531803,Monte Mor,35920678,"4,1"
SP,3531902,Morro Agudo,35024806,-
SP,3531902,Morro Agudo,35063587,"5,3"
SP,3531902,Morro Agudo,35900709,"4,2"
SP,3532009,Morungaba,35019525,"4,6"
SP,3532058,Motuca,35022135,"3,9"
SP,3532108,Murutinga do Sul,35029634,"4,8"
SP,3532157,Nantes,35032554,"4,4"
SP,3532207,Narandiba,35032700,"4,0"
SP,3532306,Natividade da Serra,35014096,"4,1"
SP,3532306,Natividade da Serra,35924519,-
SP,3532405,Nazaré Paulista,35017848,-
SP,3532405,Nazaré Paulista,35479111,"4,9"
SP,3532405,Nazaré Paulista,35499043,"4,1"
SP,3532405,Nazaré Paulista,35911677,-
SP,3532405,Nazaré Paulista,35912897,"4,5"
SP,3532504,Neves Paulista,35027650,"4,3"
SP,3532603,Nhandeara,35027583,"4,0"
SP,3532702,Nipoã,35027480,"4,8"
SP,3532801,Nova Aliança,35027397,"4,5"
SP,3532827,Nova Campina,35015428,"4,1"
SP,3532827,Nova Campina,35915117,"3,6"
SP,3532843,Nova Canaã Paulista,35028320,"5,3"
SP,3532868,Nova Castilho,35030697,-
SP,3532900,Nova Europa,35021912,"4,5"
SP,3533007,Nova Granada,35027820,"4,0"
SP,3533106,Nova Guataporanga,35031422,"5,0"
SP,3533205,Nova Independência,35029324,"4,3"
SP,3533254,Novais,35028204,"4,3"
SP,3533304,Nova Luzitânia,35027522,"5,1"
SP,3533403,Nova Odessa,35017309,"4,5"
SP,3533403,Nova Odessa,35039810,"4,8"
SP,3533403,Nova Odessa,35049906,"4,5"
SP,3533403,Nova Odessa,35440747,"5,7"
SP,3533403,Nova Odessa,35441843,-
SP,3533403,Nova Odessa,35497733,-
SP,3533403,Nova Odessa,35903784,"4,2"
SP,3533403,Nova Odessa,35905574,-
SP,3533502,Novo Horizonte,35027911,"5,0"
SP,3533502,Novo Horizonte,35027923,-
SP,3533502,Novo Horizonte,35027947,"4,8"
SP,3533502,Novo Horizonte,35434619,"5,6"
SP,3533601,Nuporanga,35024659,"5,0"
SP,3533700,Ocauçu,35033479,-
SP,3533809,Óleo,35034289,"4,4"
SP,3533908,Olímpia,35028034,"5,1"
SP,3533908,Olímpia,35028046,"4,5"
SP,3533908,Olímpia,35028061,"4,2"
SP,3533908,Olímpia,35028071,"4,5"
SP,3533908,Olímpia,35028113,"4,3"
SP,3533908,Olímpia,35028125,"4,2"
SP,3533908,Olímpia,35049712,"5,3"
SP,3533908,Olímpia,35440115,"6,3"
SP,3534005,Onda Verde,35027765,"4,1"
SP,3534104,Oriente,35033790,"3,7"
SP,3534203,Orindiúva,35027777,"4,6"
SP,3534302,Orlândia,35024740,-
SP,3534302,Orlândia,35024824,"4,8"
SP,3534401,Osasco,35010674,"3,3"
SP,3534401,Osasco,35010686,"4,2"
SP,3534401,Osasco,35010716,"4,4"
SP,3534401,Osasco,35010728,"3,9"
SP,3534401,Osasco,35010741,-
SP,3534401,Osasco,35010789,-
SP,3534401,Osasco,35010790,-
SP,3534401,Osasco,35010807,"4,7"
SP,3534401,Osasco,35010820,-
SP,3534401,Osasco,35010844,"4,9"
SP,3534401,Osasco,35010868,"4,0"
SP,3534401,Osasco,35010873,-
SP,3534401,Osasco,35010881,"4,1"
SP,3534401,Osasco,35010893,"3,7"
SP,3534401,Osasco,35010900,"4,3"
SP,3534401,Osasco,35010923,-
SP,3534401,Osasco,35010947,"4,2"
SP,3534401,Osasco,35010959,"4,0"
SP,3534401,Osasco,35010984,-
SP,3534401,Osasco,35010996,"4,0"
SP,3534401,Osasco,35011010,"3,8"
SP,3534401,Osasco,35011022,-
SP,3534401,Osasco,35011034,"4,5"
SP,3534401,Osasco,35011058,"4,0"
SP,3534401,Osasco,35011061,"4,5"
SP,3534401,Osasco,35011083,"4,7"
SP,3534401,Osasco,35011095,-
SP,3534401,Osasco,35011113,"4,6"
SP,3534401,Osasco,35011137,"3,7"
SP,3534401,Osasco,35011149,-
SP,3534401,Osasco,35038647,"5,1"
SP,3534401,Osasco,35038684,-
SP,3534401,Osasco,35038702,-
SP,3534401,Osasco,35038726,-
SP,3534401,Osasco,35038738,-
SP,3534401,Osasco,35039196,-
SP,3534401,Osasco,35040770,"4,3"
SP,3534401,Osasco,35040800,"3,5"
SP,3534401,Osasco,35046619,"4,6"
SP,3534401,Osasco,35046620,"4,0"
SP,3534401,Osasco,35157879,-
SP,3534401,Osasco,35294603,"3,7"
SP,3534401,Osasco,35295012,"5,5"
SP,3534401,Osasco,35446105,-
SP,3534401,Osasco,35902032,"4,0"
SP,3534401,Osasco,35902755,"4,2"
SP,3534401,Osasco,35904740,"3,6"
SP,3534401,Osasco,35906360,"4,2"
SP,3534401,Osasco,35910442,-
SP,3534401,Osasco,35912396,"4,3"
SP,3534401,Osasco,35923096,"4,0"
SP,3534401,Osasco,35924039,"4,3"
SP,3534401,Osasco,35924040,"4,0"
SP,3534401,Osasco,35925421,"3,8"
SP,3534401,Osasco,35925627,"3,8"
SP,3534500,Oscar Bressane,35033650,"4,5"
SP,3534609,Osvaldo Cruz,35031574,"4,4"
SP,3534609,Osvaldo Cruz,35031616,"4,8"
SP,3534609,Osvaldo Cruz,35031636,"4,2"
SP,3534609,Osvaldo Cruz,35117067,-
SP,3534609,Osvaldo Cruz,35915865,"5,6"
SP,3534609,Osvaldo Cruz,35922584,-
SP,3534708,Ourinhos,35033911,-
SP,3534708,Ourinhos,35033923,"4,1"
SP,3534708,Ourinhos,35033935,-
SP,3534708,Ourinhos,35034010,"4,9"
SP,3534708,Ourinhos,35034022,"5,4"
SP,3534708,Ourinhos,35034058,"4,5"
SP,3534708,Ourinhos,35034061,"4,9"
SP,3534708,Ourinhos,35034150,-
SP,3534708,Ourinhos,35034228,"5,6"
SP,3534708,Ourinhos,35117699,-
SP,3534708,Ourinhos,35150459,-
SP,3534708,Ourinhos,35565040,"4,5"
SP,3534708,Ourinhos,35577145,-
SP,3534708,Ourinhos,35900916,"4,0"
SP,3534708,Ourinhos,35903700,"4,6"
SP,3534757,Ouroeste,35026803,"4,2"
SP,3534807,Ouro Verde,35031446,"4,5"
SP,3534906,Pacaembu,35031069,"4,3"
SP,3535002,Palestina,35027728,"4,5"
SP,3535101,Palmares Paulista,35026724,"4,4"
SP,3535200,Palmeira d'Oeste,35028344,"4,4"
SP,3535309,Palmital,35033900,"3,8"
SP,3535309,Palmital,35034162,"3,7"
SP,3535309,Palmital,35044573,"4,1"
SP,3535309,Palmital,35337687,"5,7"
SP,3535408,Panorama,35031159,"4,2"
SP,3535408,Panorama,35031458,"4,6"
SP,3535507,Paraguaçu Paulista,35033297,"5,2"
SP,3535507,Paraguaçu Paulista,35033327,"3,9"
SP,3535507,Paraguaçu Paulista,35033339,"4,2"
SP,3535507,Paraguaçu Paulista,35043230,"3,9"
SP,3535507,Paraguaçu Paulista,35117420,-
SP,3535606,Paraibuna,35013882,"3,9"
SP,3535606,Paraibuna,35013985,"5,0"
SP,3535606,Paraibuna,35042298,"4,5"
SP,3535606,Paraibuna,35918398,"4,5"
SP,3535705,Paraíso,35026585,"5,2"
SP,3535804,Paranapanema,35014459,"4,6"
SP,3535804,Paranapanema,35014667,"4,5"
SP,3535903,Paranapuã,35027194,"4,2"
SP,3536000,Parapuã,35031586,"3,9"
SP,3536109,Pardinho,35014761,"3,7"
SP,3536208,Pariquera-Açu,35035038,"4,8"
SP,3536208,Pariquera-Açu,35035208,"4,0"
SP,3536208,Pariquera-Açu,35049827,"4,3"
SP,3536208,Pariquera-Açu,35924593,"3,5"
SP,3536257,Parisi,35029221,"4,4"
SP,3536307,Patrocínio Paulista,35023073,"3,9"
SP,3536406,Paulicéia,35031355,"4,3"
SP,3536505,Paulínia,35018892,"4,5"
SP,3536505,Paulínia,35035956,"4,6"
SP,3536505,Paulínia,35039913,"3,6"
SP,3536505,Paulínia,35071286,-
SP,3536505,Paulínia,35213640,"6,6"
SP,3536505,Paulínia,35462822,"5,4"
SP,3536505,Paulínia,35576669,"4,9"
SP,3536570,Paulistânia,35025999,"3,5"
SP,3536604,Paulo de Faria,35027753,-
SP,3536703,Pederneiras,35025665,"4,0"
SP,3536703,Pederneiras,35025689,"4,1"
SP,3536703,Pederneiras,35038027,-
SP,3536703,Pederneiras,35115733,-
SP,3536703,Pederneiras,35558643,"4,1"
SP,3536703,Pederneiras,35583467,-
SP,3536703,Pederneiras,35911069,"3,3"
SP,3536703,Pederneiras,35917680,-
SP,3536802,Pedra Bela,35017838,"4,3"
SP,3536901,Pedranópolis,35026815,"4,5"
SP,3537008,Pedregulho,35023103,"3,7"
SP,3537008,Pedregulho,35023140,"3,8"
SP,3537008,Pedregulho,35916122,"4,4"
SP,3537107,Pedreira,35017401,"3,6"
SP,3537107,Pedreira,35017656,"3,9"
SP,3537107,Pedreira,35045615,"4,2"
SP,3537107,Pedreira,35150964,-
SP,3537107,Pedreira,35914010,-
SP,3537156,Pedrinhas Paulista,35033085,"4,6"
SP,3537206,Pedro de Toledo,35034964,"4,7"
SP,3537206,Pedro de Toledo,35035270,"4,3"
SP,3537305,Penápolis,35030314,"4,8"
SP,3537305,Penápolis,35030363,"4,9"
SP,3537305,Penápolis,35030399,"4,4"
SP,3537305,Penápolis,35030442,"4,1"
SP,3537305,Penápolis,35043114,"4,4"
SP,3537305,Penápolis,35116865,-
SP,3537305,Penápolis,35578009,"4,1"
SP,3537305,Penápolis,35913868,"4,3"
SP,3537305,Penápolis,35919111,"4,1"
SP,3537404,Pereira Barreto,35030570,-
SP,3537404,Pereira Barreto,35030703,"4,4"
SP,3537404,Pereira Barreto,35030764,"4,7"
SP,3537503,Pereiras,35016445,-
SP,3537602,Peruíbe,35012294,"3,8"
SP,3537602,Peruíbe,35036936,-
SP,3537602,Peruíbe,35038830,-
SP,3537602,Peruíbe,35042161,"5,1"
SP,3537602,Peruíbe,35045172,-
SP,3537602,Peruíbe,35046772,"4,5"
SP,3537602,Peruíbe,35134193,-
SP,3537602,Peruíbe,35479639,-
SP,3537602,Peruíbe,35911331,"4,6"
SP,3537602,Peruíbe,35911343,"3,9"
SP,3537701,Piacatu,35030508,-
SP,3537800,Piedade,35016822,-
SP,3537800,Piedade,35016883,"4,1"
SP,3537800,Piedade,35036161,"4,3"
SP,3537800,Piedade,35036183,"4,6"
SP,3537800,Piedade,35045329,-
SP,3537800,Piedade,35046139,"5,2"
SP,3537800,Piedade,35428917,"5,7"
SP,3537800,Piedade,35910132,-
SP,3537800,Piedade,35914666,"4,2"
SP,3537800,Piedade,35916699,"4,7"
SP,3537800,Piedade,35918908,"4,2"
SP,3537909,Pilar do Sul,35016780,"5,4"
SP,3537909,Pilar do Sul,35016792,"4,1"
SP,3537909,Pilar do Sul,35925019,-
SP,3537909,Pilar do Sul,35925937,-
SP,3538006,Pindamonhangaba,35013183,"5,3"
SP,3538006,Pindamonhangaba,35013195,-
SP,3538006,Pindamonhangaba,35013201,"3,4"
SP,3538006,Pindamonhangaba,35013262,"4,6"
SP,3538006,Pindamonhangaba,35013336,"3,9"
SP,3538006,Pindamonhangaba,35013365,"5,1"
SP,3538006,Pindamonhangaba,35013390,"4,9"
SP,3538006,Pindamonhangaba,35013407,"4,8"
SP,3538006,Pindamonhangaba,35013419,"5,9"
SP,3538006,Pindamonhangaba,35013432,"4,9"
SP,3538006,Pindamonhangaba,35013444,"4,2"
SP,3538006,Pindamonhangaba,35013456,"4,3"
SP,3538006,Pindamonhangaba,35040836,"4,3"
SP,3538006,Pindamonhangaba,35042250,"4,3"
SP,3538006,Pindamonhangaba,35042274,-
SP,3538006,Pindamonhangaba,35048197,"4,3"
SP,3538006,Pindamonhangaba,35110802,-
SP,3538006,Pindamonhangaba,35110826,-
SP,3538006,Pindamonhangaba,35901520,"4,9"
SP,3538006,Pindamonhangaba,35908046,"4,9"
SP,3538006,Pindamonhangaba,35916262,"4,5"
SP,3538006,Pindamonhangaba,35916286,"4,3"
SP,3538006,Pindamonhangaba,35922614,"4,6"
SP,3538006,Pindamonhangaba,35922626,-
SP,3538006,Pindamonhangaba,35924325,"4,3"
SP,3538006,Pindamonhangaba,35925913,"4,4"
SP,3538105,Pindorama,35026591,"3,6"
SP,3538204,Pinhalzinho,35017875,"4,9"
SP,3538303,Piquerobi,35032244,"4,2"
SP,3538501,Piquete,35013006,"3,9"
SP,3538501,Piquete,35013018,"4,3"
SP,3538600,Piracaia,35017851,"4,5"
SP,3538600,Piracaia,35017905,"4,3"
SP,3538600,Piracaia,35042602,"4,2"
SP,3538600,Piracaia,35219320,-
SP,3538600,Piracaia,35909373,"4,5"
SP,3538709,Piracicaba,35020783,"3,6"
SP,3538709,Piracicaba,35020825,"5,2"
SP,3538709,Piracicaba,35020837,-
SP,3538709,Piracicaba,35020849,"4,4"
SP,3538709,Piracicaba,35020928,"4,2"
SP,3538709,Piracicaba,35020965,-
SP,3538709,Piracicaba,35020977,"4,1"
SP,3538709,Piracicaba,35020989,"5,3"
SP,3538709,Piracicaba,35021040,"4,4"
SP,3538709,Piracicaba,35021052,"4,5"
SP,3538709,Piracicaba,35021064,"4,8"
SP,3538709,Piracicaba,35021076,"4,9"
SP,3538709,Piracicaba,35021097,"5,2"
SP,3538709,Piracicaba,35021131,-
SP,3538709,Piracicaba,35021179,"5,0"
SP,3538709,Piracicaba,35021180,"5,4"
SP,3538709,Piracicaba,35021209,"4,1"
SP,3538709,Piracicaba,35021246,"3,8"
SP,3538709,Piracicaba,35036473,"4,5"
SP,3538709,Piracicaba,35037977,"3,7"
SP,3538709,Piracicaba,35037989,"4,4"
SP,3538709,Piracicaba,35040435,"4,1"
SP,3538709,Piracicaba,35040459,"4,5"
SP,3538709,Piracicaba,35045861,"3,8"
SP,3538709,Piracicaba,35047375,-
SP,3538709,Piracicaba,35047387,-
SP,3538709,Piracicaba,35048501,-
SP,3538709,Piracicaba,35113700,-
SP,3538709,Piracicaba,35113712,-
SP,3538709,Piracicaba,35156917,-
SP,3538709,Piracicaba,35297653,"4,1"
SP,3538709,Piracicaba,35350308,"4,8"
SP,3538709,Piracicaba,35405206,"5,7"
SP,3538709,Piracicaba,35435491,"3,8"
SP,3538709,Piracicaba,35435508,"3,8"
SP,3538709,Piracicaba,35446038,-
SP,3538709,Piracicaba,35446048,"4,3"
SP,3538709,Piracicaba,35456500,-
SP,3538709,Piracicaba,35462925,-
SP,3538709,Piracicaba,35901325,"4,3"
SP,3538709,Piracicaba,35901337,-
SP,3538709,Piracicaba,35909543,-
SP,3538709,Piracicaba,35914137,"4,8"
SP,3538709,Piracicaba,35917898,"4,8"
SP,3538709,Piracicaba,35919330,"4,4"
SP,3538709,Piracicaba,35920782,"4,1"
SP,3538709,Piracicaba,35920794,"4,0"
SP,3538709,Piracicaba,35920800,"4,3"
SP,3538808,Piraju,35034320,"5,0"
SP,3538808,Piraju,35034344,"3,9"
SP,3538808,Piraju,35034356,"5,6"
SP,3538808,Piraju,35034459,"4,9"
SP,3538808,Piraju,35049797,"3,6"
SP,3538808,Piraju,35345600,"5,4"
SP,3538808,Piraju,35906827,"4,6"
SP,3538907,Pirajuí,35026136,"4,3"
SP,3538907,Pirajuí,35026487,-
SP,3539004,Pirangi,35022706,"3,9"
SP,3539103,Pirapora do Bom Jesus,35043333,"3,7"
SP,3539103,Pirapora do Bom Jesus,35925834,"3,8"
SP,3539202,Pirapozinho,35032585,"4,2"
SP,3539202,Pirapozinho,35032682,-
SP,3539202,Pirapozinho,35032694,"4,7"
SP,3539202,Pirapozinho,35040162,-
SP,3539202,Pirapozinho,35803868,-
SP,3539301,Pirassununga,35021436,"4,6"
SP,3539301,Pirassununga,35021441,-
SP,3539301,Pirassununga,35021477,"4,6"
SP,3539301,Pirassununga,35036336,-
SP,3539301,Pirassununga,35049542,"3,9"
SP,3539301,Pirassununga,35113924,-
SP,3539301,Pirassununga,35186776,-
SP,3539301,Pirassununga,35290683,"5,6"
SP,3539301,Pirassununga,35907492,-
SP,3539301,Pirassununga,35907510,"3,7"
SP,3539400,Piratininga,35025367,-
SP,3539509,Pitangueiras,35022494,"4,5"
SP,3539509,Pitangueiras,35022640,"4,2"
SP,3539509,Pitangueiras,35022664,"4,2"
SP,3539509,Pitangueiras,35022755,"4,0"
SP,3539608,Planalto,35027406,"4,3"
SP,3539707,Platina,35033340,"3,4"
SP,3539806,Poá,35007006,"4,6"
SP,3539806,Poá,35007018,-
SP,3539806,Poá,35007031,"5,2"
SP,3539806,Poá,35007298,"4,4"
SP,3539806,Poá,35007316,"4,4"
SP,3539806,Poá,35007328,"4,2"
SP,3539806,Poá,35035524,"4,3"
SP,3539806,Poá,35041154,"4,1"
SP,3539806,Poá,35043989,"4,1"
SP,3539806,Poá,35046188,"4,2"
SP,3539806,Poá,35048896,"4,4"
SP,3539806,Poá,35108418,-
SP,3539806,Poá,35433861,"5,5"
SP,3539806,Poá,35901912,"4,4"
SP,3539806,Poá,35904417,"4,5"
SP,3539806,Poá,35907030,"4,1"
SP,3539806,Poá,35910193,"4,7"
SP,3539806,Poá,35913418,"4,5"
SP,3539806,Poá,35923217,"4,7"
SP,3539905,Poloni,35027534,"4,1"
SP,3540002,Pompéia,35033625,"4,2"
SP,3540002,Pompéia,35033881,-
SP,3540101,Pongaí,35026219,"4,6"
SP,3540200,Pontal,35022559,"4,1"
SP,3540200,Pontal,35022676,"4,0"
SP,3540200,Pontal,35127875,"3,8"
SP,3540200,Pontal,35914356,"4,7"
SP,3540259,Pontalinda,35027182,"4,2"
SP,3540309,Pontes Gestal,35028997,-
SP,3540408,Populina,35027121,"5,4"
SP,3540507,Porangaba,35016512,"4,0"
SP,3540606,Porto Feliz,35004626,-
SP,3540606,Porto Feliz,35015611,"4,9"
SP,3540606,Porto Feliz,35015714,"4,2"
SP,3540606,Porto Feliz,35015726,"4,5"
SP,3540606,Porto Feliz,35910107,"4,0"
SP,3540606,Porto Feliz,35922481,"3,4"
SP,3540705,Porto Ferreira,35021313,"4,7"
SP,3540705,Porto Ferreira,35021325,-
SP,3540705,Porto Ferreira,35021532,-
SP,3540705,Porto Ferreira,35061761,-
SP,3540705,Porto Ferreira,35113967,-
SP,3540705,Porto Ferreira,35428930,"6,2"
SP,3540754,Potim,35012725,"3,0"
SP,3540804,Potirendaba,35028502,"4,8"
SP,3540853,Pracinha,35030831,"3,9"
SP,3540903,Pradópolis,35023516,"4,1"
SP,3541000,Praia Grande,35012014,"3,9"
SP,3541000,Praia Grande,35012051,"4,7"
SP,3541000,Praia Grande,35012063,"4,9"
SP,3541000,Praia Grande,35012178,"4,9"
SP,3541000,Praia Grande,35012191,"5,2"
SP,3541000,Praia Grande,35012221,"4,4"
SP,3541000,Praia Grande,35012233,"4,1"
SP,3541000,Praia Grande,35012359,"4,8"
SP,3541000,Praia Grande,35037242,"4,2"
SP,3541000,Praia Grande,35042171,"4,8"
SP,3541000,Praia Grande,35042195,"4,5"
SP,3541000,Praia Grande,35045196,"4,0"
SP,3541000,Praia Grande,35046097,"4,4"
SP,3541000,Praia Grande,35046127,-
SP,3541000,Praia Grande,35048008,"4,1"
SP,3541000,Praia Grande,35049189,"4,9"
SP,3541000,Praia Grande,35269335,"4,5"
SP,3541000,Praia Grande,35299339,"6,0"
SP,3541000,Praia Grande,35901386,-
SP,3541000,Praia Grande,35903097,-
SP,3541000,Praia Grande,35905008,"4,1"
SP,3541000,Praia Grande,35907972,"4,1"
SP,3541000,Praia Grande,35909828,"3,9"
SP,3541000,Praia Grande,35909836,"4,3"
SP,3541059,Pratânia,35039697,-
SP,3541109,Presidente Alves,35044076,-
SP,3541208,Presidente Bernardes,35032839,"4,5"
SP,3541307,Presidente Epitácio,35032220,"4,2"
SP,3541307,Presidente Epitácio,35032232,"4,1"
SP,3541307,Presidente Epitácio,35032268,"4,7"
SP,3541307,Presidente Epitácio,35117225,-
SP,3541307,Presidente Epitácio,35191536,"4,5"
SP,3541307,Presidente Epitácio,35456445,-
SP,3541406,Presidente Prudente,35004102,-
SP,3541406,Presidente Prudente,35031732,-
SP,3541406,Presidente Prudente,35031744,-
SP,3541406,Presidente Prudente,35031800,"3,9"
SP,3541406,Presidente Prudente,35031860,"5,3"
SP,3541406,Presidente Prudente,35031884,"4,2"
SP,3541406,Presidente Prudente,35031914,-
SP,3541406,Presidente Prudente,35031926,"4,2"
SP,3541406,Presidente Prudente,35031951,"3,9"
SP,3541406,Presidente Prudente,35031963,"4,5"
SP,3541406,Presidente Prudente,35031999,"3,5"
SP,3541406,Presidente Prudente,35032001,"4,3"
SP,3541406,Presidente Prudente,35032037,"4,8"
SP,3541406,Presidente Prudente,35032050,"4,9"
SP,3541406,Presidente Prudente,35032074,-
SP,3541406,Presidente Prudente,35032104,-
SP,3541406,Presidente Prudente,35043151,"3,9"
SP,3541406,Presidente Prudente,35044684,"4,1"
SP,3541406,Presidente Prudente,35049724,-
SP,3541406,Presidente Prudente,35117092,-
SP,3541406,Presidente Prudente,35124597,-
SP,3541406,Presidente Prudente,35462412,"5,7"
SP,3541406,Presidente Prudente,35496467,"4,3"
SP,3541406,Presidente Prudente,35900965,"4,1"
SP,3541406,Presidente Prudente,35921920,"4,1"
SP,3541505,Presidente Venceslau,35032189,"4,9"
SP,3541505,Presidente Venceslau,35032190,"4,1"
SP,3541505,Presidente Venceslau,35032256,"4,5"
SP,3541505,Presidente Venceslau,35906785,"5,4"
SP,3541604,Promissão,35026104,-
SP,3541604,Promissão,35035233,"4,1"
SP,3541604,Promissão,35911616,"4,5"
SP,3541653,Quadra,35913340,"4,4"
SP,3541703,Quatá,35033315,"3,9"
SP,3541703,Quatá,35033352,-
SP,3541802,Queiroz,35034538,"4,2"
SP,3541901,Queluz,35012427,"3,9"
SP,3542008,Quintana,35034502,-
SP,3542107,Rafard,35021118,"4,7"
SP,3542206,Rancharia,35032396,-
SP,3542206,Rancharia,35032414,-
SP,3542206,Rancharia,35032438,"4,7"
SP,3542206,Rancharia,35032530,"3,6"
SP,3542305,Redenção da Serra,35014072,"4,4"
SP,3542404,Regente Feijó,35032633,-
SP,3542404,Regente Feijó,35117328,-
SP,3542404,Regente Feijó,35185309,-
SP,3542404,Regente Feijó,35918040,"4,1"
SP,3542503,Reginópolis,35025392,"3,7"
SP,3542602,Registro,35035087,-
SP,3542602,Registro,35035099,"3,5"
SP,3542602,Registro,35035105,"4,4"
SP,3542602,Registro,35035130,"5,0"
SP,3542602,Registro,35041592,"4,4"
SP,3542602,Registro,35043291,"4,4"
SP,3542602,Registro,35444728,"6,7"
SP,3542602,Registro,35494732,-
SP,3542602,Registro,35579440,"4,6"
SP,3542602,Registro,35901659,"4,6"
SP,3542602,Registro,35901660,"4,7"
SP,3542602,Registro,35920411,"4,5"
SP,3542701,Restinga,35023048,"4,0"
SP,3542800,Ribeira,35014312,"4,4"
SP,3542800,Ribeira,35048239,"4,7"
SP,3542909,Ribeirão Bonito,35024594,"3,9"
SP,3543006,Ribeirão Branco,35014369,"4,5"
SP,3543006,Ribeirão Branco,35038885,"3,9"
SP,3543006,Ribeirão Branco,35065456,"4,8"
SP,3543006,Ribeirão Branco,35905252,"4,6"
SP,3543006,Ribeirão Branco,35913571,-
SP,3543006,Ribeirão Branco,35913583,-
SP,3543105,Ribeirão Corrente,35023152,"3,9"
SP,3543204,Ribeirão do Sul,35034149,"4,4"
SP,3543238,Ribeirão dos Índios,35032803,"4,5"
SP,3543253,Ribeirão Grande,35015076,"4,5"
SP,3543253,Ribeirão Grande,35915075,-
SP,3543253,Ribeirão Grande,35915087,"5,1"
SP,3543303,Ribeirão Pires,35007638,-
SP,3543303,Ribeirão Pires,35007870,"4,4"
SP,3543303,Ribeirão Pires,35007882,"3,8"
SP,3543303,Ribeirão Pires,35007924,"4,5"
SP,3543303,Ribeirão Pires,35007948,"4,9"
SP,3543303,Ribeirão Pires,35007959,"5,1"
SP,3543303,Ribeirão Pires,35007961,"4,7"
SP,3543303,Ribeirão Pires,35007985,"4,4"
SP,3543303,Ribeirão Pires,35036201,-
SP,3543303,Ribeirão Pires,35046486,"4,4"
SP,3543303,Ribeirão Pires,35046504,"3,9"
SP,3543303,Ribeirão Pires,35048948,"5,0"
SP,3543303,Ribeirão Pires,35108625,-
SP,3543303,Ribeirão Pires,35290749,"5,9"
SP,3543303,Ribeirão Pires,35910200,"4,9"
SP,3543303,Ribeirão Pires,35917000,"4,5"
SP,3543303,Ribeirão Pires,35921129,"4,2"
SP,3543402,Ribeirão Preto,35023826,"4,6"
SP,3543402,Ribeirão Preto,35023851,"4,4"
SP,3543402,Ribeirão Preto,35023875,-
SP,3543402,Ribeirão Preto,35023887,-
SP,3543402,Ribeirão Preto,35023899,-
SP,3543402,Ribeirão Preto,35023917,"3,5"
SP,3543402,Ribeirão Preto,35023930,-
SP,3543402,Ribeirão Preto,35023954,-
SP,3543402,Ribeirão Preto,35023978,-
SP,3543402,Ribeirão Preto,35024016,"4,1"
SP,3543402,Ribeirão Preto,35024028,-
SP,3543402,Ribeirão Preto,35024065,"4,3"
SP,3543402,Ribeirão Preto,35024077,"5,6"
SP,3543402,Ribeirão Preto,35024089,-
SP,3543402,Ribeirão Preto,35024090,"5,7"
SP,3543402,Ribeirão Preto,35024107,-
SP,3543402,Ribeirão Preto,35024119,"3,3"
SP,3543402,Ribeirão Preto,35024168,"3,1"
SP,3543402,Ribeirão Preto,35037151,"4,3"
SP,3543402,Ribeirão Preto,35041531,-
SP,3543402,Ribeirão Preto,35042870,"4,8"
SP,3543402,Ribeirão Preto,35042882,-
SP,3543402,Ribeirão Preto,35044647,-
SP,3543402,Ribeirão Preto,35044659,"5,1"
SP,3543402,Ribeirão Preto,35044660,"3,6"
SP,3543402,Ribeirão Preto,35047466,"4,5"
SP,3543402,Ribeirão Preto,35049612,-
SP,3543402,Ribeirão Preto,35114704,-
SP,3543402,Ribeirão Preto,35114716,-
SP,3543402,Ribeirão Preto,35114728,-
SP,3543402,Ribeirão Preto,35114736,-
SP,3543402,Ribeirão Preto,35114765,-
SP,3543402,Ribeirão Preto,35114777,-
SP,3543402,Ribeirão Preto,35114789,-
SP,3543402,Ribeirão Preto,35114790,-
SP,3543402,Ribeirão Preto,35350588,"3,3"
SP,3543402,Ribeirão Preto,35412181,"4,7"
SP,3543402,Ribeirão Preto,35435065,"3,7"
SP,3543402,Ribeirão Preto,35576475,-
SP,3543402,Ribeirão Preto,35576487,"4,5"
SP,3543402,Ribeirão Preto,35900072,"4,4"
SP,3543402,Ribeirão Preto,35900758,"4,2"
SP,3543402,Ribeirão Preto,35900771,"4,4"
SP,3543402,Ribeirão Preto,35907881,"4,2"
SP,3543402,Ribeirão Preto,35912086,"3,6"
SP,3543402,Ribeirão Preto,35925706,-
SP,3543501,Riversul,35015261,"4,3"
SP,3543501,Riversul,35035300,-
SP,3543600,Rifaina,35023164,"4,2"
SP,3543709,Rincão,35021878,"3,9"
SP,3543808,Rinópolis,35031604,-
SP,3543907,Rio Claro,35021611,"4,7"
SP,3543907,Rio Claro,35021623,"4,6"
SP,3543907,Rio Claro,35021696,"4,8"
SP,3543907,Rio Claro,35021702,"4,6"
SP,3543907,Rio Claro,35021726,"4,2"
SP,3543907,Rio Claro,35021738,"4,2"
SP,3543907,Rio Claro,35021748,"5,1"
SP,3543907,Rio Claro,35021817,"6,0"
SP,3543907,Rio Claro,35041661,"4,4"
SP,3543907,Rio Claro,35045895,-
SP,3543907,Rio Claro,35049967,"4,5"
SP,3543907,Rio Claro,35114029,-
SP,3543907,Rio Claro,35435485,-
SP,3543907,Rio Claro,35905586,-
SP,3543907,Rio Claro,35905598,"4,3"
SP,3543907,Rio Claro,35909567,"4,3"
SP,3543907,Rio Claro,35911148,-
SP,3543907,Rio Claro,35917916,-
SP,3543907,Rio Claro,35921944,"4,0"
SP,3544004,Rio das Pedras,35021155,"4,4"
SP,3544004,Rio das Pedras,35021167,"5,5"
SP,3544004,Rio das Pedras,35905604,-
SP,3544103,Rio Grande da Serra,35007857,"3,9"
SP,3544103,Rio Grande da Serra,35007936,-
SP,3544103,Rio Grande da Serra,35037278,"4,3"
SP,3544103,Rio Grande da Serra,35041981,"4,6"
SP,3544103,Rio Grande da Serra,35041993,"3,5"
SP,3544103,Rio Grande da Serra,35048951,"4,4"
SP,3544103,Rio Grande da Serra,35566585,-
SP,3544103,Rio Grande da Serra,35904485,"3,9"
SP,3544103,Rio Grande da Serra,35907212,"4,5"
SP,3544103,Rio Grande da Serra,35923369,-
SP,3544202,Riolândia,35027686,"3,9"
SP,3544251,Rosana,35032136,"4,1"
SP,3544251,Rosana,35043631,"3,9"
SP,3544251,Rosana,35044696,"4,9"
SP,3544251,Rosana,35903620,"4,2"
SP,3544251,Rosana,35907698,"3,6"
SP,3544251,Rosana,35911860,-
SP,3544301,Roseira,35012877,"4,2"
SP,3544301,Roseira,35045366,-
SP,3544400,Rubiácea,35030004,"5,0"
SP,3544509,Rubinéia,35028381,"4,2"
SP,3544608,Sabino,35026207,"3,9"
SP,3544707,Sagres,35031550,"4,2"
SP,3544806,Sales,35027960,"4,4"
SP,3544905,Sales Oliveira,35024648,-
SP,3545001,Salesópolis,35006737,"4,3"
SP,3545001,Salesópolis,35006750,"4,5"
SP,3545100,Salmourão,35031549,"4,4"
SP,3545159,Saltinho,35021039,"4,4"
SP,3545209,Salto,35015635,-
SP,3545209,Salto,35015647,"4,5"
SP,3545209,Salto,35015763,"4,9"
SP,3545209,Salto,35015817,"4,6"
SP,3545209,Salto,35039755,"4,0"
SP,3545209,Salto,35046929,"4,7"
SP,3545209,Salto,35046930,"4,5"
SP,3545209,Salto,35111764,-
SP,3545209,Salto,35337833,"6,4"
SP,3545209,Salto,35905276,"4,3"
SP,3545209,Salto,35914514,"4,4"
SP,3545209,Salto,35918581,"4,4"
SP,3545209,Salto,35921804,"4,9"
SP,3545308,Salto de Pirapora,35016846,"4,2"
SP,3545308,Salto de Pirapora,35903310,"3,5"
SP,3545308,Salto de Pirapora,35916473,"3,9"
SP,3545308,Salto de Pirapora,35924878,"4,6"
SP,3545407,Salto Grande,35033960,-
SP,3545506,Sandovalina,35032645,"4,7"
SP,3545605,Santa Adélia,35026700,"4,7"
SP,3545704,Santa Albertina,35027112,"4,8"
SP,3545803,Santa Bárbara d'Oeste,35016986,"4,9"
SP,3545803,Santa Bárbara d'Oeste,35017059,"4,6"
SP,3545803,Santa Bárbara d'Oeste,35017061,"4,3"
SP,3545803,Santa Bárbara d'Oeste,35017073,-
SP,3545803,Santa Bárbara d'Oeste,35017231,"5,2"
SP,3545803,Santa Bárbara d'Oeste,35037936,"4,4"
SP,3545803,Santa Bárbara d'Oeste,35039330,"3,5"
SP,3545803,Santa Bárbara d'Oeste,35039822,-
SP,3545803,Santa Bárbara d'Oeste,35045512,"3,6"
SP,3545803,Santa Bárbara d'Oeste,35047016,"3,7"
SP,3545803,Santa Bárbara d'Oeste,35049402,"4,8"
SP,3545803,Santa Bárbara d'Oeste,35112159,-
SP,3545803,Santa Bárbara d'Oeste,35903796,"4,0"
SP,3545803,Santa Bárbara d'Oeste,35907534,"4,3"
SP,3545803,Santa Bárbara d'Oeste,35907546,-
SP,3545803,Santa Bárbara d'Oeste,35913157,-
SP,3545803,Santa Bárbara d'Oeste,35919147,"4,9"
SP,3545803,Santa Bárbara d'Oeste,35919159,"5,2"
SP,3545803,Santa Bárbara d'Oeste,35921178,"5,1"
SP,3545803,Santa Bárbara d'Oeste,35922353,-
SP,3545803,Santa Bárbara d'Oeste,35922959,"5,2"
SP,3545803,Santa Bárbara d'Oeste,35922961,"3,9"
SP,3545803,Santa Bárbara d'Oeste,35925950,"5,8"
SP,3546009,Santa Branca,35045457,"4,0"
SP,3546108,Santa Clara d'Oeste,35028393,-
SP,3546207,Santa Cruz da Conceição,35021350,"4,3"
SP,3546256,Santa Cruz da Esperança,35024211,"3,9"
SP,3546306,Santa Cruz das Palmeiras,35021295,-
SP,3546306,Santa Cruz das Palmeiras,35021519,"4,3"
SP,3546306,Santa Cruz das Palmeiras,35586092,"5,7"
SP,3546306,Santa Cruz das Palmeiras,35907558,"3,3"
SP,3546306,Santa Cruz das Palmeiras,35917588,"4,0"
SP,3546405,Santa Cruz do Rio Pardo,35034253,-
SP,3546405,Santa Cruz do Rio Pardo,35034472,"4,8"
SP,3546405,Santa Cruz do Rio Pardo,35034484,"5,4"
SP,3546405,Santa Cruz do Rio Pardo,35040216,"4,4"
SP,3546405,Santa Cruz do Rio Pardo,35117821,-
SP,3546405,Santa Cruz do Rio Pardo,35904223,"4,6"
SP,3546405,Santa Cruz do Rio Pardo,35906839,-
SP,3546504,Santa Ernestina,35025012,"4,3"
SP,3546603,Santa Fé do Sul,35028400,"3,2"
SP,3546603,Santa Fé do Sul,35563663,"5,8"
SP,3546702,Santa Gertrudes,35004065,"4,7"
SP,3546702,Santa Gertrudes,35021635,"4,4"
SP,3546801,Santa Isabel,35006543,-
SP,3546801,Santa Isabel,35006555,"4,3"
SP,3546801,Santa Isabel,35006567,-
SP,3546801,Santa Isabel,35036146,-
SP,3546801,Santa Isabel,35038386,"3,7"
SP,3546801,Santa Isabel,35438431,"6,2"
SP,3546801,Santa Isabel,35901878,"4,7"
SP,3546801,Santa Isabel,35910387,"4,9"
SP,3546801,Santa Isabel,35920332,"3,9"
SP,3546900,Santa Lúcia,35021866,"4,1"
SP,3547007,Santa Maria da Serra,35020734,"5,5"
SP,3547007,Santa Maria da Serra,35471458,"3,6"
SP,3547106,Santa Mercedes,35031297,"4,6"
SP,3547205,Santana da Ponte Pensa,35028290,-
SP,3547304,Santana de Parnaíba,35056169,-
SP,3547304,Santana de Parnaíba,35192880,-
SP,3547304,Santana de Parnaíba,35218112,"4,3"
SP,3547304,Santana de Parnaíba,35240916,"3,5"
SP,3547304,Santana de Parnaíba,35240936,"4,0"
SP,3547304,Santana de Parnaíba,35240941,"4,4"
SP,3547304,Santana de Parnaíba,35273636,"4,0"
SP,3547304,Santana de Parnaíba,35273648,"4,4"
SP,3547304,Santana de Parnaíba,35273659,"4,0"
SP,3547304,Santana de Parnaíba,35273661,"4,4"
SP,3547304,Santana de Parnaíba,35273673,"4,4"
SP,3547304,Santana de Parnaíba,35273685,"3,7"
SP,3547304,Santana de Parnaíba,35276170,"4,3"
SP,3547304,Santana de Parnaíba,35276182,-
SP,3547304,Santana de Parnaíba,35278853,"5,0"
SP,3547304,Santana de Parnaíba,35287350,-
SP,3547304,Santana de Parnaíba,35299327,"4,9"
SP,3547304,Santana de Parnaíba,35405346,"6,0"
SP,3547304,Santana de Parnaíba,35419576,-
SP,3547304,Santana de Parnaíba,35479585,"5,7"
SP,3547403,Santa Rita d'Oeste,35028289,-
SP,3547502,Santa Rita do Passa Quatro,35024284,"4,7"
SP,3547502,Santa Rita do Passa Quatro,35024363,"4,8"
SP,3547502,Santa Rita do Passa Quatro,35115125,-
SP,3547502,Santa Rita do Passa Quatro,35907911,"3,7"
SP,3547601,Santa Rosa de Viterbo,35024314,"3,5"
SP,3547601,Santa Rosa de Viterbo,35048458,"3,4"
SP,3547601,Santa Rosa de Viterbo,35441624,"4,4"
SP,3547650,Santa Salete,35027133,"5,4"
SP,3547700,Santo Anastácio,35032876,"3,4"
SP,3547700,Santo Anastácio,35032924,"4,8"
SP,3547700,Santo Anastácio,35117341,-
SP,3547809,Santo André,35008035,"3,6"
SP,3547809,Santo André,35008059,"5,2"
SP,3547809,Santo André,35008084,"4,5"
SP,3547809,Santo André,35008096,"4,9"
SP,3547809,Santo André,35008114,"3,7"
SP,3547809,Santo André,35008126,"5,3"
SP,3547809,Santo André,35008148,"4,8"
SP,3547809,Santo André,35008151,"4,2"
SP,3547809,Santo André,35008175,-
SP,3547809,Santo André,35008187,"4,2"
SP,3547809,Santo André,35008199,"4,5"
SP,3547809,Santo André,35008205,"4,3"
SP,3547809,Santo André,35008217,-
SP,3547809,Santo André,35008229,"3,6"
SP,3547809,Santo André,35008254,"5,3"
SP,3547809,Santo André,35008266,"3,9"
SP,3547809,Santo André,35008285,"6,3"
SP,3547809,Santo André,35008308,"4,6"
SP,3547809,Santo André,35008312,"4,9"
SP,3547809,Santo André,35008321,"3,5"
SP,3547809,Santo André,35008333,-
SP,3547809,Santo André,35008357,"4,5"
SP,3547809,Santo André,35008369,"3,6"
SP,3547809,Santo André,35008382,"4,4"
SP,3547809,Santo André,35008424,"3,5"
SP,3547809,Santo André,35008436,"4,4"
SP,3547809,Santo André,35008448,-
SP,3547809,Santo André,35008459,"3,4"
SP,3547809,Santo André,35008473,"4,0"
SP,3547809,Santo André,35008497,"4,7"
SP,3547809,Santo André,35008503,"4,2"
SP,3547809,Santo André,35008540,"4,8"
SP,3547809,Santo André,35008564,"4,6"
SP,3547809,Santo André,35008576,"5,2"
SP,3547809,Santo André,35008597,-
SP,3547809,Santo André,35008606,"4,5"
SP,3547809,Santo André,35008643,"4,5"
SP,3547809,Santo André,35008655,-
SP,3547809,Santo André,35008667,-
SP,3547809,Santo André,35008679,"4,3"
SP,3547809,Santo André,35008709,"5,0"
SP,3547809,Santo André,35008722,"3,7"
SP,3547809,Santo André,35008746,-
SP,3547809,Santo André,35029178,"5,4"
SP,3547809,Santo André,35035695,"3,8"
SP,3547809,Santo André,35036213,"3,7"
SP,3547809,Santo André,35037266,"3,9"
SP,3547809,Santo André,35042006,-
SP,3547809,Santo André,35108820,-
SP,3547809,Santo André,35108832,-
SP,3547809,Santo André,35108844,-
SP,3547809,Santo André,35108856,-
SP,3547809,Santo André,35108868,-
SP,3547809,Santo André,35108873,-
SP,3547809,Santo André,35173186,-
SP,3547809,Santo André,35286217,"3,8"
SP,3547809,Santo André,35900175,-
SP,3547809,Santo André,35914769,"3,9"
SP,3547809,Santo André,35916985,-
SP,3547809,Santo André,35920344,"4,6"
SP,3547809,Santo André,35923370,"5,1"
SP,3547809,Santo André,35925639,"4,3"
SP,3547809,Santo André,35925640,"3,7"
SP,3547908,Santo Antônio da Alegria,35023036,"4,3"
SP,3548005,Santo Antônio de Posse,35020552,"4,3"
SP,3548054,Santo Antônio do Aracanguá,35029816,"5,0"
SP,3548054,Santo Antônio do Aracanguá,35029836,"4,4"
SP,3548104,Santo Antônio do Jardim,35020679,-
SP,3548104,Santo Antônio do Jardim,35919366,"5,0"
SP,3548203,Santo Antônio do Pinhal,35013468,"4,3"
SP,3548302,Santo Expedito,35031987,"3,6"
SP,3548401,Santópolis do Aguapeí,35030454,"4,4"
SP,3548500,Santos,35011708,-
SP,3548500,Santos,35011721,-
SP,3548500,Santos,35011745,"5,5"
SP,3548500,Santos,35011757,"4,3"
SP,3548500,Santos,35011770,"3,7"
SP,3548500,Santos,35011794,"3,8"
SP,3548500,Santos,35011812,"4,9"
SP,3548500,Santos,35011824,"4,0"
SP,3548500,Santos,35011836,"4,7"
SP,3548500,Santos,35011848,-
SP,3548500,Santos,35011885,"4,2"
SP,3548500,Santos,35011897,"5,4"
SP,3548500,Santos,35011903,"4,1"
SP,3548500,Santos,35011915,"3,6"
SP,3548500,Santos,35011927,"4,7"
SP,3548500,Santos,35011940,"4,1"
SP,3548500,Santos,35038787,"5,8"
SP,3548500,Santos,35038805,"3,7"
SP,3548500,Santos,35041415,-
SP,3548500,Santos,35046164,"4,8"
SP,3548500,Santos,35046760,"4,0"
SP,3548500,Santos,35109642,-
SP,3548500,Santos,35109997,-
SP,3548500,Santos,35120674,-
SP,3548500,Santos,35481609,-
SP,3548500,Santos,35905021,"5,2"
SP,3548500,Santos,35909816,"4,1"
SP,3548500,Santos,35915497,"4,1"
SP,3548609,São Bento do Sapucaí,35013274,"4,7"
SP,3548708,São Bernardo do Campo,35008758,"5,2"
SP,3548708,São Bernardo do Campo,35008771,"3,8"
SP,3548708,São Bernardo do Campo,35008783,-
SP,3548708,São Bernardo do Campo,35008801,"4,9"
SP,3548708,São Bernardo do Campo,35008813,-
SP,3548708,São Bernardo do Campo,35008825,"5,4"
SP,3548708,São Bernardo do Campo,35008837,"4,8"
SP,3548708,São Bernardo do Campo,35008849,"4,1"
SP,3548708,São Bernardo do Campo,35008874,"5,1"
SP,3548708,São Bernardo do Campo,35008886,"4,6"
SP,3548708,São Bernardo do Campo,35008898,"4,2"
SP,3548708,São Bernardo do Campo,35008904,-
SP,3548708,São Bernardo do Campo,35008916,"4,0"
SP,3548708,São Bernardo do Campo,35008928,-
SP,3548708,São Bernardo do Campo,35008936,"5,1"
SP,3548708,São Bernardo do Campo,35008941,"5,3"
SP,3548708,São Bernardo do Campo,35008977,"4,9"
SP,3548708,São Bernardo do Campo,35008990,"4,5"
SP,3548708,São Bernardo do Campo,35009003,"4,1"
SP,3548708,São Bernardo do Campo,35009015,"3,9"
SP,3548708,São Bernardo do Campo,35009039,-
SP,3548708,São Bernardo do Campo,35009088,"5,6"
SP,3548708,São Bernardo do Campo,35009106,-
SP,3548708,São Bernardo do Campo,35009124,"4,8"
SP,3548708,São Bernardo do Campo,35009131,"4,3"
SP,3548708,São Bernardo do Campo,35009155,"5,2"
SP,3548708,São Bernardo do Campo,35009167,-
SP,3548708,São Bernardo do Campo,35009180,"5,5"
SP,3548708,São Bernardo do Campo,35009210,"4,8"
SP,3548708,São Bernardo do Campo,35009246,"4,5"
SP,3548708,São Bernardo do Campo,35009261,"4,6"
SP,3548708,São Bernardo do Campo,35009283,"4,9"
SP,3548708,São Bernardo do Campo,35009295,"4,2"
SP,3548708,São Bernardo do Campo,35009325,"5,1"
SP,3548708,São Bernardo do Campo,35009337,"4,7"
SP,3548708,São Bernardo do Campo,35038519,"3,4"
SP,3548708,São Bernardo do Campo,35039548,"4,0"
SP,3548708,São Bernardo do Campo,35041269,-
SP,3548708,São Bernardo do Campo,35041270,-
SP,3548708,São Bernardo do Campo,35041282,"3,7"
SP,3548708,São Bernardo do Campo,35041300,"3,5"
SP,3548708,São Bernardo do Campo,35042031,"4,7"
SP,3548708,São Bernardo do Campo,35042043,"4,7"
SP,3548708,São Bernardo do Campo,35042055,"3,8"
SP,3548708,São Bernardo do Campo,35046012,"6,0"
SP,3548708,São Bernardo do Campo,35046516,"4,8"
SP,3548708,São Bernardo do Campo,35109010,-
SP,3548708,São Bernardo do Campo,35137753,-
SP,3548708,São Bernardo do Campo,35902020,"4,8"
SP,3548708,São Bernardo do Campo,35904958,"4,6"
SP,3548708,São Bernardo do Campo,35904971,"4,4"
SP,3548708,São Bernardo do Campo,35906669,"3,7"
SP,3548708,São Bernardo do Campo,35907182,"4,2"
SP,3548708,São Bernardo do Campo,35908745,-
SP,3548708,São Bernardo do Campo,35908757,"3,9"
SP,3548708,São Bernardo do Campo,35908769,"3,8"
SP,3548708,São Bernardo do Campo,35910764,"5,4"
SP,3548708,São Bernardo do Campo,35913807,"4,7"
SP,3548708,São Bernardo do Campo,35915750,"4,3"
SP,3548708,São Bernardo do Campo,35917515,"5,2"
SP,3548708,São Bernardo do Campo,35921105,"4,7"
SP,3548708,São Bernardo do Campo,35921543,"4,2"
SP,3548708,São Bernardo do Campo,35923904,"5,4"
SP,3548708,São Bernardo do Campo,35924428,-
SP,3548807,São Caetano do Sul,35006027,-
SP,3548807,São Caetano do Sul,35009350,"5,1"
SP,3548807,São Caetano do Sul,35009404,"5,3"
SP,3548807,São Caetano do Sul,35009416,-
SP,3548807,São Caetano do Sul,35009436,"4,9"
SP,3548807,São Caetano do Sul,35009441,"4,3"
SP,3548807,São Caetano do Sul,35009453,-
SP,3548807,São Caetano do Sul,35009465,"4,4"
SP,3548807,São Caetano do Sul,35009477,-
SP,3548807,São Caetano do Sul,35009573,"4,0"
SP,3548807,São Caetano do Sul,35009581,"4,5"
SP,3548807,São Caetano do Sul,35049669,-
SP,3548807,São Caetano do Sul,35051147,-
SP,3548807,São Caetano do Sul,35109101,-
SP,3548807,São Caetano do Sul,35135203,-
SP,3548807,São Caetano do Sul,35257758,-
SP,3548807,São Caetano do Sul,35477904,"5,2"
SP,3548906,São Carlos,35024430,"4,7"
SP,3548906,São Carlos,35024442,"5,6"
SP,3548906,São Carlos,35024478,"4,9"
SP,3548906,São Carlos,35024485,"4,5"
SP,3548906,São Carlos,35024512,"4,5"
SP,3548906,São Carlos,35024557,"4,4"
SP,3548906,São Carlos,35024569,"6,0"
SP,3548906,São Carlos,35024612,"5,0"
SP,3548906,São Carlos,35036432,"3,4"
SP,3548906,São Carlos,35042894,"5,4"
SP,3548906,São Carlos,35049992,"4,1"
SP,3548906,São Carlos,35115228,-
SP,3548906,São Carlos,35115236,-
SP,3548906,São Carlos,35115241,-
SP,3548906,São Carlos,35127887,"4,3"
SP,3548906,São Carlos,35184974,-
SP,3548906,São Carlos,35191528,"3,7"
SP,3548906,São Carlos,35456470,-
SP,3548906,São Carlos,35496571,"4,9"
SP,3548906,São Carlos,35579439,-
SP,3548906,São Carlos,35585804,"4,9"
SP,3548906,São Carlos,35900795,"5,1"
SP,3548906,São Carlos,35905835,"3,6"
SP,3548906,São Carlos,35907923,"4,4"
SP,3548906,São Carlos,35914988,-
SP,3548906,São Carlos,35914997,"4,4"
SP,3549003,São Francisco,35027066,"5,2"
SP,3549102,São João da Boa Vista,35020540,"3,8"
SP,3549102,São João da Boa Vista,35020588,"3,9"
SP,3549102,São João da Boa Vista,35020680,-
SP,3549102,São João da Boa Vista,35020692,"5,8"
SP,3549102,São João da Boa Vista,35020709,-
SP,3549102,São João da Boa Vista,35020710,"4,5"
SP,3549102,São João da Boa Vista,35042754,-
SP,3549102,São João da Boa Vista,35045913,-
SP,3549102,São João da Boa Vista,35113645,-
SP,3549102,São João da Boa Vista,35337900,"6,3"
SP,3549102,São João da Boa Vista,35900461,-
SP,3549102,São João da Boa Vista,35904132,-
SP,3549201,São João das Duas Pontes,35026827,"4,6"
SP,3549250,São João de Iracema,35030727,"4,6"
SP,3549300,São João do Pau d'Alho,35031461,"4,4"
SP,3549409,São Joaquim da Barra,35024703,"3,9"
SP,3549409,São Joaquim da Barra,35024715,-
SP,3549409,São Joaquim da Barra,35024797,"5,4"
SP,3549409,São Joaquim da Barra,35912098,"3,8"
SP,3549508,São José da Bela Vista,35023024,"3,8"
SP,3549607,São José do Barreiro,35012440,-
SP,3549706,São José do Rio Pardo,35019045,"3,6"
SP,3549706,São José do Rio Pardo,35019112,"4,7"
SP,3549706,São José do Rio Pardo,35019148,"3,0"
SP,3549706,São José do Rio Pardo,35019324,-
SP,3549706,São José do Rio Pardo,35139518,"4,7"
SP,3549706,São José do Rio Pardo,35294883,-
SP,3549706,São José do Rio Pardo,35900473,-
SP,3549805,São José do Rio Preto,35028538,"3,9"
SP,3549805,São José do Rio Preto,35028548,"5,2"
SP,3549805,São José do Rio Preto,35028678,"4,3"
SP,3549805,São José do Rio Preto,35028685,-
SP,3549805,São José do Rio Preto,35028708,"4,5"
SP,3549805,São José do Rio Preto,35028712,"5,1"
SP,3549805,São José do Rio Preto,35028733,-
SP,3549805,São José do Rio Preto,35028745,"4,7"
SP,3549805,São José do Rio Preto,35028769,"3,7"
SP,3549805,São José do Rio Preto,35028782,"5,9"
SP,3549805,São José do Rio Preto,35028794,"5,5"
SP,3549805,São José do Rio Preto,35028824,"5,7"
SP,3549805,São José do Rio Preto,35028859,"3,7"
SP,3549805,São José do Rio Preto,35028903,"4,9"
SP,3549805,São José do Rio Preto,35028915,"5,4"
SP,3549805,São José do Rio Preto,35028927,"4,9"
SP,3549805,São José do Rio Preto,35035828,-
SP,3549805,São José do Rio Preto,35043059,"3,9"
SP,3549805,São José do Rio Preto,35116324,-
SP,3549805,São José do Rio Preto,35121368,-
SP,3549805,São José do Rio Preto,35436239,"4,6"
SP,3549805,São José do Rio Preto,35504324,-
SP,3549805,São José do Rio Preto,35565052,-
SP,3549805,São José do Rio Preto,35565064,"3,7"
SP,3549805,São José do Rio Preto,35908149,"4,0"
SP,3549805,São José do Rio Preto,35908150,"4,2"
SP,3549805,São José do Rio Preto,35911461,"2,9"
SP,3549805,São José do Rio Preto,35914411,-
SP,3549805,São José do Rio Preto,35918313,"3,4"
SP,3549805,São José do Rio Preto,35918337,-
SP,3549805,São José do Rio Preto,35919688,"4,1"
SP,3549805,São José do Rio Preto,35921221,-
SP,3549904,São José dos Campos,35001557,"4,2"
SP,3549904,São José dos Campos,35013481,"3,9"
SP,3549904,São José dos Campos,35013523,"5,5"
SP,3549904,São José dos Campos,35013559,"4,1"
SP,3549904,São José dos Campos,35013560,"4,8"
SP,3549904,São José dos Campos,35013572,"5,1"
SP,3549904,São José dos Campos,35013584,"4,2"
SP,3549904,São José dos Campos,35013596,"4,2"
SP,3549904,São José dos Campos,35013602,"4,1"
SP,3549904,São José dos Campos,35013648,"4,4"
SP,3549904,São José dos Campos,35013730,"4,4"
SP,3549904,São José dos Campos,35013754,-
SP,3549904,São José dos Campos,35013869,"5,5"
SP,3549904,São José dos Campos,35013924,"5,0"
SP,3549904,São José dos Campos,35013936,"5,4"
SP,3549904,São José dos Campos,35013948,"3,5"
SP,3549904,São José dos Campos,35020874,"4,7"
SP,3549904,São José dos Campos,35023462,"4,6"
SP,3549904,São José dos Campos,35035361,"6,1"
SP,3549904,São José dos Campos,35035373,"5,5"
SP,3549904,São José dos Campos,35035385,-
SP,3549904,São José dos Campos,35035397,"4,2"
SP,3549904,São José dos Campos,35037837,"4,0"
SP,3549904,São José dos Campos,35037849,"4,3"
SP,3549904,São José dos Campos,35039640,"4,2"
SP,3549904,São José dos Campos,35042304,"4,2"
SP,3549904,São José dos Campos,35042316,"4,2"
SP,3549904,São José dos Campos,35042328,"5,5"
SP,3549904,São José dos Campos,35045469,"3,8"
SP,3549904,São José dos Campos,35045470,"4,6"
SP,3549904,São José dos Campos,35047934,-
SP,3549904,São José dos Campos,35047958,"4,7"
SP,3549904,São José dos Campos,35110942,-
SP,3549904,São José dos Campos,35351064,"3,5"
SP,3549904,São José dos Campos,35406284,"6,1"
SP,3549904,São José dos Campos,35493582,-
SP,3549904,São José dos Campos,35495529,"4,6"
SP,3549904,São José dos Campos,35497095,-
SP,3549904,São José dos Campos,35499067,-
SP,3549904,São José dos Campos,35805555,-
SP,3549904,São José dos Campos,35808246,-
SP,3549904,São José dos Campos,35901532,"3,6"
SP,3549904,São José dos Campos,35901581,"3,9"
SP,3549904,São José dos Campos,35902548,"4,6"
SP,3549904,São José dos Campos,35905100,"5,1"
SP,3549904,São José dos Campos,35905124,-
SP,3549904,São José dos Campos,35911392,"5,7"
SP,3549904,São José dos Campos,35912712,"5,1"
SP,3549904,São José dos Campos,35917254,-
SP,3549904,São José dos Campos,35917266,"3,8"
SP,3549904,São José dos Campos,35919724,"4,4"
SP,3549904,São José dos Campos,35920459,"4,2"
SP,3549904,São José dos Campos,35922018,"4,8"
SP,3549904,São José dos Campos,35922857,"4,9"
SP,3549904,São José dos Campos,35925925,-
SP,3549953,São Lourenço da Serra,35010017,"4,4"
SP,3549953,São Lourenço da Serra,35080615,"5,1"
SP,3549953,São Lourenço da Serra,35910685,"4,7"
SP,3550001,São Luiz do Paraitinga,35037874,"4,6"
SP,3550100,São Manuel,35014758,"4,7"
SP,3550100,São Manuel,35014771,"4,2"
SP,3550100,São Manuel,35014953,"3,2"
SP,3550100,São Manuel,35014965,"5,6"
SP,3550100,São Manuel,35039688,-
SP,3550100,São Manuel,35049273,"4,5"
SP,3550209,São Miguel Arcanjo,35015258,-
SP,3550209,São Miguel Arcanjo,35038921,"4,7"
SP,3550209,São Miguel Arcanjo,35046917,"4,2"
SP,3550209,São Miguel Arcanjo,35049311,"4,8"
SP,3550209,São Miguel Arcanjo,35905288,"4,3"
SP,3550209,São Miguel Arcanjo,35921750,"4,8"
SP,3550308,São Paulo,35000024,-
SP,3550308,São Paulo,35000036,-
SP,3550308,São Paulo,35000048,-
SP,3550308,São Paulo,35000059,"3,8"
SP,3550308,São Paulo,35000097,"4,3"
SP,3550308,São Paulo,35000139,-
SP,3550308,São Paulo,35000140,-
SP,3550308,São Paulo,35000164,"3,7"
SP,3550308,São Paulo,35000176,"4,8"
SP,3550308,São Paulo,35000188,"4,0"
SP,3550308,São Paulo,35000197,"3,7"
SP,3550308,São Paulo,35000218,"4,0"
SP,3550308,São Paulo,35000224,-
SP,3550308,São Paulo,35000255,"4,6"
SP,3550308,São Paulo,35000267,"4,1"
SP,3550308,São Paulo,35000280,-
SP,3550308,São Paulo,35000309,"4,6"
SP,3550308,São Paulo,35000322,-
SP,3550308,São Paulo,35000334,"4,4"
SP,3550308,São Paulo,35000371,"4,1"
SP,3550308,São Paulo,35000383,"4,5"
SP,3550308,São Paulo,35000395,-
SP,3550308,São Paulo,35000401,-
SP,3550308,São Paulo,35000413,"5,3"
SP,3550308,São Paulo,35000450,-
SP,3550308,São Paulo,35000462,"4,7"
SP,3550308,São Paulo,35000486,"5,6"
SP,3550308,São Paulo,35000498,"4,3"
SP,3550308,São Paulo,35000528,"3,8"
SP,3550308,São Paulo,35000536,"4,2"
SP,3550308,São Paulo,35000553,"4,7"
SP,3550308,São Paulo,35000577,-
SP,3550308,São Paulo,35000589,"4,6"
SP,3550308,São Paulo,35000607,-
SP,3550308,São Paulo,35000620,"4,0"
SP,3550308,São Paulo,35000668,"4,8"
SP,3550308,São Paulo,35000673,"4,4"
SP,3550308,São Paulo,35000693,"3,4"
SP,3550308,São Paulo,35000711,"4,8"
SP,3550308,São Paulo,35000723,"5,2"
SP,3550308,São Paulo,35000735,-
SP,3550308,São Paulo,35000747,"3,8"
SP,3550308,São Paulo,35000760,"4,5"
SP,3550308,São Paulo,35000796,-
SP,3550308,São Paulo,35000802,-
SP,3550308,São Paulo,35000814,"3,8"
SP,3550308,São Paulo,35000838,"3,8"
SP,3550308,São Paulo,35000848,"4,4"
SP,3550308,São Paulo,35000875,-
SP,3550308,São Paulo,35000905,"4,0"
SP,3550308,São Paulo,35000917,"4,6"
SP,3550308,São Paulo,35000929,"4,8"
SP,3550308,São Paulo,35000930,"5,3"
SP,3550308,São Paulo,35000942,"5,0"
SP,3550308,São Paulo,35000954,"5,7"
SP,3550308,São Paulo,35000966,"4,3"
SP,3550308,São Paulo,35000978,"5,2"
SP,3550308,São Paulo,35001004,"4,3"
SP,3550308,São Paulo,35001016,-
SP,3550308,São Paulo,35001028,"3,9"
SP,3550308,São Paulo,35001036,"4,8"
SP,3550308,São Paulo,35001041,"4,0"
SP,3550308,São Paulo,35001132,-
SP,3550308,São Paulo,35001144,-
SP,3550308,São Paulo,35001156,"4,3"
SP,3550308,São Paulo,35001168,"3,7"
SP,3550308,São Paulo,35001173,"4,1"
SP,3550308,São Paulo,35001193,"4,0"
SP,3550308,São Paulo,35001235,-
SP,3550308,São Paulo,35001247,-
SP,3550308,São Paulo,35001259,"4,8"
SP,3550308,São Paulo,35001272,"4,6"
SP,3550308,São Paulo,35001284,"4,3"
SP,3550308,São Paulo,35001296,"4,3"
SP,3550308,São Paulo,35001302,-
SP,3550308,São Paulo,35001326,-
SP,3550308,São Paulo,35001348,"3,4"
SP,3550308,São Paulo,35001363,"5,0"
SP,3550308,São Paulo,35001375,"5,3"
SP,3550308,São Paulo,35001417,"5,8"
SP,3550308,São Paulo,35001442,"4,0"
SP,3550308,São Paulo,35001454,"4,3"
SP,3550308,São Paulo,35001466,"4,0"
SP,3550308,São Paulo,35001491,-
SP,3550308,São Paulo,35001521,-
SP,3550308,São Paulo,35001569,-
SP,3550308,São Paulo,35001570,-
SP,3550308,São Paulo,35001594,"5,5"
SP,3550308,São Paulo,35001600,"4,6"
SP,3550308,São Paulo,35001624,"4,2"
SP,3550308,São Paulo,35001636,"5,6"
SP,3550308,São Paulo,35001659,"4,6"
SP,3550308,São Paulo,35001661,"5,1"
SP,3550308,São Paulo,35001673,"3,8"
SP,3550308,São Paulo,35001685,"4,9"
SP,3550308,São Paulo,35001703,"4,2"
SP,3550308,São Paulo,35001727,"3,9"
SP,3550308,São Paulo,35001740,-
SP,3550308,São Paulo,35001752,"3,6"
SP,3550308,São Paulo,35001776,"4,2"
SP,3550308,São Paulo,35001788,-
SP,3550308,São Paulo,35001797,-
SP,3550308,São Paulo,35001824,"4,3"
SP,3550308,São Paulo,35001843,"3,6"
SP,3550308,São Paulo,35001855,"5,4"
SP,3550308,São Paulo,35001867,-
SP,3550308,São Paulo,35001880,"4,0"
SP,3550308,São Paulo,35001910,"4,3"
SP,3550308,São Paulo,35001934,-
SP,3550308,São Paulo,35001946,-
SP,3550308,São Paulo,35001958,-
SP,3550308,São Paulo,35001961,"4,8"
SP,3550308,São Paulo,35001971,"3,7"
SP,3550308,São Paulo,35002008,"4,0"
SP,3550308,São Paulo,35002057,"4,8"
SP,3550308,São Paulo,35002069,-
SP,3550308,São Paulo,35002136,"5,0"
SP,3550308,São Paulo,35002148,-
SP,3550308,São Paulo,35002159,"5,4"
SP,3550308,São Paulo,35002161,-
SP,3550308,São Paulo,35002173,"4,9"
SP,3550308,São Paulo,35002185,-
SP,3550308,São Paulo,35002197,"4,0"
SP,3550308,São Paulo,35002203,"4,9"
SP,3550308,São Paulo,35002239,-
SP,3550308,São Paulo,35002252,-
SP,3550308,São Paulo,35002264,"3,9"
SP,3550308,São Paulo,35002297,"4,1"
SP,3550308,São Paulo,35002318,"3,3"
SP,3550308,São Paulo,35002331,"4,1"
SP,3550308,São Paulo,35002409,"4,7"
SP,3550308,São Paulo,35002422,"4,2"
SP,3550308,São Paulo,35002434,"4,2"
SP,3550308,São Paulo,35002461,"3,4"
SP,3550308,São Paulo,35002471,"4,3"
SP,3550308,São Paulo,35002483,-
SP,3550308,São Paulo,35002513,-
SP,3550308,São Paulo,35002525,-
SP,3550308,São Paulo,35002549,"4,3"
SP,3550308,São Paulo,35002550,"4,8"
SP,3550308,São Paulo,35002562,-
SP,3550308,São Paulo,35002586,"4,3"
SP,3550308,São Paulo,35002598,"4,2"
SP,3550308,São Paulo,35002616,-
SP,3550308,São Paulo,35002628,"5,5"
SP,3550308,São Paulo,35002636,"4,2"
SP,3550308,São Paulo,35002641,"4,4"
SP,3550308,São Paulo,35002653,"4,4"
SP,3550308,São Paulo,35002677,"3,7"
SP,3550308,São Paulo,35002689,"4,3"
SP,3550308,São Paulo,35002690,"4,6"
SP,3550308,São Paulo,35002707,-
SP,3550308,São Paulo,35002719,"3,9"
SP,3550308,São Paulo,35002732,"4,8"
SP,3550308,São Paulo,35002744,"4,9"
SP,3550308,São Paulo,35002773,-
SP,3550308,São Paulo,35002800,-
SP,3550308,São Paulo,35002811,"4,5"
SP,3550308,São Paulo,35002835,-
SP,3550308,São Paulo,35002847,"4,2"
SP,3550308,São Paulo,35002859,-
SP,3550308,São Paulo,35002860,"4,1"
SP,3550308,São Paulo,35002902,"5,0"
SP,3550308,São Paulo,35002914,"4,4"
SP,3550308,São Paulo,35002926,-
SP,3550308,São Paulo,35002938,-
SP,3550308,São Paulo,35002963,"4,9"
SP,3550308,São Paulo,35002975,"4,5"
SP,3550308,São Paulo,35002999,-
SP,3550308,São Paulo,35003001,"4,9"
SP,3550308,São Paulo,35003013,-
SP,3550308,São Paulo,35003037,"4,1"
SP,3550308,São Paulo,35003050,-
SP,3550308,São Paulo,35003062,-
SP,3550308,São Paulo,35003086,"5,1"
SP,3550308,São Paulo,35003104,"4,4"
SP,3550308,São Paulo,35003116,"3,7"
SP,3550308,São Paulo,35003128,"3,2"
SP,3550308,São Paulo,35003141,-
SP,3550308,São Paulo,35003153,"4,1"
SP,3550308,São Paulo,35003220,-
SP,3550308,São Paulo,35003232,"3,9"
SP,3550308,São Paulo,35003244,"4,3"
SP,3550308,São Paulo,35003256,-
SP,3550308,São Paulo,35003268,"3,5"
SP,3550308,São Paulo,35003273,"3,5"
SP,3550308,São Paulo,35003372,-
SP,3550308,São Paulo,35003384,"4,4"
SP,3550308,São Paulo,35003402,"5,1"
SP,3550308,São Paulo,35003426,"4,0"
SP,3550308,São Paulo,35003451,"3,3"
SP,3550308,São Paulo,35003499,"4,0"
SP,3550308,São Paulo,35003530,-
SP,3550308,São Paulo,35003542,"4,2"
SP,3550308,São Paulo,35003554,"5,3"
SP,3550308,São Paulo,35003566,"4,0"
SP,3550308,São Paulo,35003585,"4,3"
SP,3550308,São Paulo,35003608,"6,0"
SP,3550308,São Paulo,35003657,"4,8"
SP,3550308,São Paulo,35003669,"5,6"
SP,3550308,São Paulo,35003670,-
SP,3550308,São Paulo,35003682,-
SP,3550308,São Paulo,35003694,"6,2"
SP,3550308,São Paulo,35003700,"5,5"
SP,3550308,São Paulo,35003724,"3,9"
SP,3550308,São Paulo,35003748,"5,5"
SP,3550308,São Paulo,35003759,-
SP,3550308,São Paulo,35003773,"4,6"
SP,3550308,São Paulo,35003797,-
SP,3550308,São Paulo,35003839,"4,8"
SP,3550308,São Paulo,35003852,"4,9"
SP,3550308,São Paulo,35003888,"4,7"
SP,3550308,São Paulo,35003924,"4,4"
SP,3550308,São Paulo,35003931,"4,9"
SP,3550308,São Paulo,35004005,-
SP,3550308,São Paulo,35004030,"4,4"
SP,3550308,São Paulo,35004066,-
SP,3550308,São Paulo,35004121,"4,4"
SP,3550308,São Paulo,35004145,-
SP,3550308,São Paulo,35004157,"4,9"
SP,3550308,São Paulo,35004169,"4,5"
SP,3550308,São Paulo,35004170,"4,8"
SP,3550308,São Paulo,35004212,"3,1"
SP,3550308,São Paulo,35004224,"5,0"
SP,3550308,São Paulo,35004236,"4,1"
SP,3550308,São Paulo,35004297,"4,1"
SP,3550308,São Paulo,35004327,-
SP,3550308,São Paulo,35004339,-
SP,3550308,São Paulo,35004340,"4,3"
SP,3550308,São Paulo,35004352,-
SP,3550308,São Paulo,35004388,-
SP,3550308,São Paulo,35004418,"4,0"
SP,3550308,São Paulo,35004431,"3,8"
SP,3550308,São Paulo,35004479,"4,7"
SP,3550308,São Paulo,35004480,"4,5"
SP,3550308,São Paulo,35004492,-
SP,3550308,São Paulo,35004510,"4,9"
SP,3550308,São Paulo,35004522,"4,6"
SP,3550308,São Paulo,35004546,"3,7"
SP,3550308,São Paulo,35004595,"5,0"
SP,3550308,São Paulo,35004613,-
SP,3550308,São Paulo,35004625,"4,8"
SP,3550308,São Paulo,35004674,"3,7"
SP,3550308,São Paulo,35004686,"5,2"
SP,3550308,São Paulo,35004698,"5,1"
SP,3550308,São Paulo,35004704,"4,3"
SP,3550308,São Paulo,35004736,-
SP,3550308,São Paulo,35004741,-
SP,3550308,São Paulo,35004777,"4,0"
SP,3550308,São Paulo,35004790,"4,8"
SP,3550308,São Paulo,35004807,"3,7"
SP,3550308,São Paulo,35004820,"5,0"
SP,3550308,São Paulo,35004832,"4,8"
SP,3550308,São Paulo,35004868,"3,5"
SP,3550308,São Paulo,35004911,"5,5"
SP,3550308,São Paulo,35004923,"4,3"
SP,3550308,São Paulo,35004947,"4,1"
SP,3550308,São Paulo,35004984,"4,4"
SP,3550308,São Paulo,35004996,-
SP,3550308,São Paulo,35005009,"4,0"
SP,3550308,São Paulo,35005010,"4,5"
SP,3550308,São Paulo,35005034,"4,3"
SP,3550308,São Paulo,35005058,"4,1"
SP,3550308,São Paulo,35005061,"3,9"
SP,3550308,São Paulo,35005071,-
SP,3550308,São Paulo,35005083,-
SP,3550308,São Paulo,35005095,"4,5"
SP,3550308,São Paulo,35005113,"4,6"
SP,3550308,São Paulo,35005137,-
SP,3550308,São Paulo,35005149,-
SP,3550308,São Paulo,35005162,"4,3"
SP,3550308,São Paulo,35005186,"4,6"
SP,3550308,São Paulo,35005198,-
SP,3550308,São Paulo,35005204,"3,9"
SP,3550308,São Paulo,35005216,-
SP,3550308,São Paulo,35005228,"4,9"
SP,3550308,São Paulo,35005236,-
SP,3550308,São Paulo,35005241,"4,2"
SP,3550308,São Paulo,35005265,"4,4"
SP,3550308,São Paulo,35005277,"3,7"
SP,3550308,São Paulo,35005289,"4,8"
SP,3550308,São Paulo,35005290,"3,9"
SP,3550308,São Paulo,35005307,"4,3"
SP,3550308,São Paulo,35005320,-
SP,3550308,São Paulo,35005344,"4,4"
SP,3550308,São Paulo,35005356,"4,4"
SP,3550308,São Paulo,35005368,"5,0"
SP,3550308,São Paulo,35005373,"5,1"
SP,3550308,São Paulo,35005381,"3,5"
SP,3550308,São Paulo,35005393,-
SP,3550308,São Paulo,35005400,"3,6"
SP,3550308,São Paulo,35005411,"3,1"
SP,3550308,São Paulo,35005435,"4,7"
SP,3550308,São Paulo,35005447,"3,9"
SP,3550308,São Paulo,35005459,"4,0"
SP,3550308,São Paulo,35005472,"3,9"
SP,3550308,São Paulo,35005484,"3,9"
SP,3550308,São Paulo,35011807,-
SP,3550308,São Paulo,35013257,-
SP,3550308,São Paulo,35035592,"3,7"
SP,3550308,São Paulo,35035609,"4,3"
SP,3550308,São Paulo,35035610,"4,1"
SP,3550308,São Paulo,35035622,"4,0"
SP,3550308,São Paulo,35035661,-
SP,3550308,São Paulo,35036274,"3,7"
SP,3550308,São Paulo,35036286,"3,6"
SP,3550308,São Paulo,35036298,-
SP,3550308,São Paulo,35036444,"3,8"
SP,3550308,São Paulo,35036456,"3,9"
SP,3550308,São Paulo,35036705,"3,6"
SP,3550308,São Paulo,35036729,"3,2"
SP,3550308,São Paulo,35036730,"3,9"
SP,3550308,São Paulo,35036742,"4,2"
SP,3550308,São Paulo,35036754,"4,1"
SP,3550308,São Paulo,35036766,"3,3"
SP,3550308,São Paulo,35036785,-
SP,3550308,São Paulo,35036812,-
SP,3550308,São Paulo,35036821,-
SP,3550308,São Paulo,35036959,"3,6"
SP,3550308,São Paulo,35036961,"4,0"
SP,3550308,São Paulo,35036973,-
SP,3550308,São Paulo,35037011,-
SP,3550308,São Paulo,35037023,"4,5"
SP,3550308,São Paulo,35037035,"5,2"
SP,3550308,São Paulo,35037060,"3,9"
SP,3550308,São Paulo,35037072,"3,1"
SP,3550308,São Paulo,35037084,-
SP,3550308,São Paulo,35037096,"4,1"
SP,3550308,São Paulo,35037102,"3,5"
SP,3550308,São Paulo,35037345,-
SP,3550308,São Paulo,35037357,"3,5"
SP,3550308,São Paulo,35037370,-
SP,3550308,São Paulo,35037382,-
SP,3550308,São Paulo,35037424,-
SP,3550308,São Paulo,35037436,-
SP,3550308,São Paulo,35037448,"4,9"
SP,3550308,São Paulo,35037459,"4,6"
SP,3550308,São Paulo,35037461,-
SP,3550308,São Paulo,35037473,"3,8"
SP,3550308,São Paulo,35037618,"3,6"
SP,3550308,São Paulo,35037624,-
SP,3550308,São Paulo,35037655,-
SP,3550308,São Paulo,35037679,-
SP,3550308,São Paulo,35037692,"4,8"
SP,3550308,São Paulo,35037709,-
SP,3550308,São Paulo,35037710,"5,2"
SP,3550308,São Paulo,35037783,-
SP,3550308,São Paulo,35037795,-
SP,3550308,São Paulo,35038097,-
SP,3550308,São Paulo,35038131,-
SP,3550308,São Paulo,35038143,-
SP,3550308,São Paulo,35038167,"4,5"
SP,3550308,São Paulo,35038210,"4,3"
SP,3550308,São Paulo,35038234,-
SP,3550308,São Paulo,35038258,"3,9"
SP,3550308,São Paulo,35038261,"3,8"
SP,3550308,São Paulo,35038271,"4,1"
SP,3550308,São Paulo,35038283,-
SP,3550308,São Paulo,35038295,"4,4"
SP,3550308,São Paulo,35038301,"3,9"
SP,3550308,São Paulo,35038313,"4,1"
SP,3550308,São Paulo,35039123,"3,7"
SP,3550308,São Paulo,35039147,"4,2"
SP,3550308,São Paulo,35039159,"3,7"
SP,3550308,São Paulo,35039172,"3,9"
SP,3550308,São Paulo,35039248,-
SP,3550308,São Paulo,35039251,-
SP,3550308,São Paulo,35039263,"4,0"
SP,3550308,São Paulo,35039287,"3,9"
SP,3550308,São Paulo,35039299,"5,5"
SP,3550308,São Paulo,35039317,"3,9"
SP,3550308,São Paulo,35039342,"3,8"
SP,3550308,São Paulo,35039366,-
SP,3550308,São Paulo,35039385,"3,4"
SP,3550308,São Paulo,35039391,"3,6"
SP,3550308,São Paulo,35040332,-
SP,3550308,São Paulo,35040964,-
SP,3550308,São Paulo,35040976,-
SP,3550308,São Paulo,35040988,-
SP,3550308,São Paulo,35040997,"4,5"
SP,3550308,São Paulo,35041002,-
SP,3550308,São Paulo,35041026,"4,2"
SP,3550308,São Paulo,35041038,-
SP,3550308,São Paulo,35041048,-
SP,3550308,São Paulo,35041051,"4,0"
SP,3550308,São Paulo,35041063,"4,0"
SP,3550308,São Paulo,35041609,"4,7"
SP,3550308,São Paulo,35041713,-
SP,3550308,São Paulo,35041725,"3,5"
SP,3550308,São Paulo,35041737,"3,9"
SP,3550308,São Paulo,35041750,-
SP,3550308,São Paulo,35041762,"3,4"
SP,3550308,São Paulo,35041774,"4,2"
SP,3550308,São Paulo,35041786,-
SP,3550308,São Paulo,35041798,"3,6"
SP,3550308,São Paulo,35041804,-
SP,3550308,São Paulo,35043734,-
SP,3550308,São Paulo,35043746,"4,0"
SP,3550308,São Paulo,35043771,"4,6"
SP,3550308,São Paulo,35043928,"3,8"
SP,3550308,São Paulo,35043936,"3,9"
SP,3550308,São Paulo,35043953,"4,4"
SP,3550308,São Paulo,35044261,"4,0"
SP,3550308,São Paulo,35044283,"4,5"
SP,3550308,São Paulo,35044295,"4,8"
SP,3550308,São Paulo,35044301,-
SP,3550308,São Paulo,35044313,"3,9"
SP,3550308,São Paulo,35044325,"3,0"
SP,3550308,São Paulo,35044337,"4,6"
SP,3550308,São Paulo,35044349,"4,6"
SP,3550308,São Paulo,35044374,"3,6"
SP,3550308,São Paulo,35044386,"3,9"
SP,3550308,São Paulo,35044398,"4,4"
SP,3550308,São Paulo,35044404,"4,6"
SP,3550308,São Paulo,35044436,"4,6"
SP,3550308,São Paulo,35044441,"3,9"
SP,3550308,São Paulo,35044453,"3,3"
SP,3550308,São Paulo,35044465,-
SP,3550308,São Paulo,35046024,"5,5"
SP,3550308,São Paulo,35046059,"4,0"
SP,3550308,São Paulo,35046061,"3,7"
SP,3550308,São Paulo,35046224,-
SP,3550308,São Paulo,35046243,-
SP,3550308,São Paulo,35046279,-
SP,3550308,São Paulo,35046292,"4,6"
SP,3550308,São Paulo,35046309,"5,4"
SP,3550308,São Paulo,35046334,-
SP,3550308,São Paulo,35046346,"3,7"
SP,3550308,São Paulo,35046358,"3,6"
SP,3550308,São Paulo,35046361,"3,6"
SP,3550308,São Paulo,35048033,-
SP,3550308,São Paulo,35048616,"4,5"
SP,3550308,São Paulo,35048636,"4,4"
SP,3550308,São Paulo,35048641,"4,5"
SP,3550308,São Paulo,35048653,"4,1"
SP,3550308,São Paulo,35048689,"3,4"
SP,3550308,São Paulo,35048690,-
SP,3550308,São Paulo,35048719,-
SP,3550308,São Paulo,35048720,"3,4"
SP,3550308,São Paulo,35048744,"3,9"
SP,3550308,São Paulo,35054082,-
SP,3550308,São Paulo,35070178,"4,9"
SP,3550308,São Paulo,35072503,"4,3"
SP,3550308,São Paulo,35072552,"5,5"
SP,3550308,São Paulo,35091424,"4,0"
SP,3550308,São Paulo,35092575,"4,1"
SP,3550308,São Paulo,35100080,-
SP,3550308,São Paulo,35100365,-
SP,3550308,São Paulo,35100432,-
SP,3550308,São Paulo,35100468,-
SP,3550308,São Paulo,35101266,-
SP,3550308,São Paulo,35101761,-
SP,3550308,São Paulo,35101771,-
SP,3550308,São Paulo,35102124,-
SP,3550308,São Paulo,35102167,-
SP,3550308,São Paulo,35102428,-
SP,3550308,São Paulo,35103524,-
SP,3550308,São Paulo,35103718,-
SP,3550308,São Paulo,35105053,-
SP,3550308,São Paulo,35106677,-
SP,3550308,São Paulo,35106800,-
SP,3550308,São Paulo,35107153,-
SP,3550308,São Paulo,35107475,-
SP,3550308,São Paulo,35107487,-
SP,3550308,São Paulo,35107542,-
SP,3550308,São Paulo,35107591,-
SP,3550308,São Paulo,35107906,-
SP,3550308,São Paulo,35119039,-
SP,3550308,São Paulo,35120030,-
SP,3550308,São Paulo,35121484,"3,9"
SP,3550308,São Paulo,35124527,-
SP,3550308,São Paulo,35130321,-
SP,3550308,São Paulo,35130333,-
SP,3550308,São Paulo,35130758,-
SP,3550308,São Paulo,35132287,-
SP,3550308,São Paulo,35133401,-
SP,3550308,São Paulo,35134788,-
SP,3550308,São Paulo,35137085,-
SP,3550308,São Paulo,35138216,-
SP,3550308,São Paulo,35139221,-
SP,3550308,São Paulo,35139804,-
SP,3550308,São Paulo,35140338,-
SP,3550308,São Paulo,35154684,-
SP,3550308,São Paulo,35187185,-
SP,3550308,São Paulo,35191224,"4,5"
SP,3550308,São Paulo,35191905,"4,0"
SP,3550308,São Paulo,35191917,"4,9"
SP,3550308,São Paulo,35201947,"4,4"
SP,3550308,São Paulo,35207639,"3,9"
SP,3550308,São Paulo,35207676,-
SP,3550308,São Paulo,35207755,"4,8"
SP,3550308,São Paulo,35267983,-
SP,3550308,São Paulo,35269359,-
SP,3550308,São Paulo,35269384,"3,0"
SP,3550308,São Paulo,35283903,-
SP,3550308,São Paulo,35284300,-
SP,3550308,São Paulo,35284324,-
SP,3550308,São Paulo,35290543,-
SP,3550308,São Paulo,35290701,"5,6"
SP,3550308,São Paulo,35290993,-
SP,3550308,São Paulo,35297501,"3,9"
SP,3550308,São Paulo,35299364,"5,6"
SP,3550308,São Paulo,35304815,-
SP,3550308,São Paulo,35363315,"5,6"
SP,3550308,São Paulo,35365622,"5,4"
SP,3550308,São Paulo,35367734,-
SP,3550308,São Paulo,35393400,"5,9"
SP,3550308,São Paulo,35399197,-
SP,3550308,São Paulo,35405243,"5,5"
SP,3550308,São Paulo,35405322,"5,2"
SP,3550308,São Paulo,35409169,"4,0"
SP,3550308,São Paulo,35412173,"4,3"
SP,3550308,São Paulo,35415443,"4,2"
SP,3550308,São Paulo,35419588,-
SP,3550308,São Paulo,35428905,"5,4"
SP,3550308,São Paulo,35428929,"5,7"
SP,3550308,São Paulo,35433482,-
SP,3550308,São Paulo,35433846,"5,1"
SP,3550308,São Paulo,35433858,"5,6"
SP,3550308,São Paulo,35434632,"5,1"
SP,3550308,São Paulo,35437050,"3,9"
SP,3550308,São Paulo,35438042,"4,9"
SP,3550308,São Paulo,35438112,"3,7"
SP,3550308,São Paulo,35438285,-
SP,3550308,São Paulo,35438418,"5,7"
SP,3550308,São Paulo,35438424,"6,0"
SP,3550308,São Paulo,35438480,"5,8"
SP,3550308,São Paulo,35438820,"6,0"
SP,3550308,São Paulo,35439083,-
SP,3550308,São Paulo,35439186,-
SP,3550308,São Paulo,35439216,-
SP,3550308,São Paulo,35439447,-
SP,3550308,São Paulo,35440620,"5,4"
SP,3550308,São Paulo,35446695,"6,2"
SP,3550308,São Paulo,35447663,"4,7"
SP,3550308,São Paulo,35448060,-
SP,3550308,São Paulo,35457450,-
SP,3550308,São Paulo,35461295,-
SP,3550308,São Paulo,35461313,"5,3"
SP,3550308,São Paulo,35461532,-
SP,3550308,São Paulo,35463061,"4,7"
SP,3550308,São Paulo,35472505,"3,9"
SP,3550308,São Paulo,35476365,"5,2"
SP,3550308,São Paulo,35479081,"3,7"
SP,3550308,São Paulo,35479500,"4,4"
SP,3550308,São Paulo,35560112,"6,0"
SP,3550308,São Paulo,35579798,"5,8"
SP,3550308,São Paulo,35800971,-
SP,3550308,São Paulo,35805464,-
SP,3550308,São Paulo,35900060,-
SP,3550308,São Paulo,35900102,-
SP,3550308,São Paulo,35901684,-
SP,3550308,São Paulo,35901702,"4,4"
SP,3550308,São Paulo,35901714,"3,2"
SP,3550308,São Paulo,35901726,"3,3"
SP,3550308,São Paulo,35901748,-
SP,3550308,São Paulo,35901751,"4,2"
SP,3550308,São Paulo,35901799,"3,4"
SP,3550308,São Paulo,35902226,"3,4"
SP,3550308,São Paulo,35902263,"2,9"
SP,3550308,São Paulo,35902287,"4,1"
SP,3550308,São Paulo,35902305,"4,3"
SP,3550308,São Paulo,35902500,"3,9"
SP,3550308,São Paulo,35902512,"4,0"
SP,3550308,São Paulo,35902573,-
SP,3550308,São Paulo,35902597,-
SP,3550308,São Paulo,35902615,-
SP,3550308,São Paulo,35902627,-
SP,3550308,São Paulo,35902639,-
SP,3550308,São Paulo,35902664,-
SP,3550308,São Paulo,35902724,-
SP,3550308,São Paulo,35902792,"3,5"
SP,3550308,São Paulo,35902809,"3,2"
SP,3550308,São Paulo,35902810,"3,3"
SP,3550308,São Paulo,35902834,"4,3"
SP,3550308,São Paulo,35902861,"4,5"
SP,3550308,São Paulo,35902871,-
SP,3550308,São Paulo,35902901,"3,7"
SP,3550308,São Paulo,35902913,"3,7"
SP,3550308,São Paulo,35902925,"3,9"
SP,3550308,São Paulo,35904173,"3,0"
SP,3550308,São Paulo,35904247,"4,3"
SP,3550308,São Paulo,35904259,-
SP,3550308,São Paulo,35904284,"4,4"
SP,3550308,São Paulo,35904296,"3,1"
SP,3550308,São Paulo,35904302,-
SP,3550308,São Paulo,35904314,-
SP,3550308,São Paulo,35904326,-
SP,3550308,São Paulo,35904348,-
SP,3550308,São Paulo,35904582,-
SP,3550308,São Paulo,35904594,-
SP,3550308,São Paulo,35904624,-
SP,3550308,São Paulo,35904879,"3,9"
SP,3550308,São Paulo,35906141,"3,8"
SP,3550308,São Paulo,35906165,"3,6"
SP,3550308,São Paulo,35906207,"4,8"
SP,3550308,São Paulo,35906530,"3,6"
SP,3550308,São Paulo,35906542,"4,6"
SP,3550308,São Paulo,35906566,"3,6"
SP,3550308,São Paulo,35906591,"3,5"
SP,3550308,São Paulo,35906803,-
SP,3550308,São Paulo,35906967,"3,9"
SP,3550308,São Paulo,35906980,-
SP,3550308,São Paulo,35907017,"3,5"
SP,3550308,São Paulo,35907108,-
SP,3550308,São Paulo,35907112,"3,5"
SP,3550308,São Paulo,35907157,-
SP,3550308,São Paulo,35907194,"4,2"
SP,3550308,São Paulo,35907637,-
SP,3550308,São Paulo,35908368,-
SP,3550308,São Paulo,35908373,"4,7"
SP,3550308,São Paulo,35908400,"3,7"
SP,3550308,São Paulo,35909051,-
SP,3550308,São Paulo,35909075,-
SP,3550308,São Paulo,35909099,-
SP,3550308,São Paulo,35909105,"3,7"
SP,3550308,São Paulo,35909117,-
SP,3550308,São Paulo,35909129,-
SP,3550308,São Paulo,35909130,-
SP,3550308,São Paulo,35909166,"3,8"
SP,3550308,São Paulo,35909191,"4,4"
SP,3550308,São Paulo,35910259,-
SP,3550308,São Paulo,35910272,-
SP,3550308,São Paulo,35910284,-
SP,3550308,São Paulo,35910302,-
SP,3550308,São Paulo,35910338,"4,2"
SP,3550308,São Paulo,35910776,-
SP,3550308,São Paulo,35910788,"4,5"
SP,3550308,São Paulo,35910797,-
SP,3550308,São Paulo,35910818,-
SP,3550308,São Paulo,35910831,"3,1"
SP,3550308,São Paulo,35910995,-
SP,3550308,São Paulo,35911008,-
SP,3550308,São Paulo,35911537,"3,3"
SP,3550308,São Paulo,35912268,-
SP,3550308,São Paulo,35913820,"4,8"
SP,3550308,São Paulo,35914691,-
SP,3550308,São Paulo,35914708,-
SP,3550308,São Paulo,35914721,"4,1"
SP,3550308,São Paulo,35914733,"4,0"
SP,3550308,São Paulo,35915671,"4,7"
SP,3550308,São Paulo,35915683,-
SP,3550308,São Paulo,35915725,"3,9"
SP,3550308,São Paulo,35916493,"3,4"
SP,3550308,São Paulo,35916523,-
SP,3550308,São Paulo,35916535,-
SP,3550308,São Paulo,35916729,"3,7"
SP,3550308,São Paulo,35916730,-
SP,3550308,São Paulo,35916742,"3,5"
SP,3550308,São Paulo,35916754,"3,7"
SP,3550308,São Paulo,35916791,"3,7"
SP,3550308,São Paulo,35916808,-
SP,3550308,São Paulo,35916812,-
SP,3550308,São Paulo,35917382,-
SP,3550308,São Paulo,35917503,-
SP,3550308,São Paulo,35920277,"3,7"
SP,3550308,São Paulo,35920997,"3,6"
SP,3550308,São Paulo,35921312,-
SP,3550308,São Paulo,35921324,-
SP,3550308,São Paulo,35922146,"4,1"
SP,3550308,São Paulo,35922249,"3,9"
SP,3550308,São Paulo,35922894,-
SP,3550308,São Paulo,35922900,"4,0"
SP,3550308,São Paulo,35922912,"5,4"
SP,3550308,São Paulo,35923047,"4,1"
SP,3550308,São Paulo,35923059,"4,5"
SP,3550308,São Paulo,35923254,"3,7"
SP,3550308,São Paulo,35923266,"5,0"
SP,3550308,São Paulo,35923278,-
SP,3550308,São Paulo,35923285,-
SP,3550308,São Paulo,35923461,"3,7"
SP,3550308,São Paulo,35923473,"4,3"
SP,3550308,São Paulo,35923497,"4,3"
SP,3550308,São Paulo,35923503,"3,7"
SP,3550308,São Paulo,35923527,"4,8"
SP,3550308,São Paulo,35923588,"4,4"
SP,3550308,São Paulo,35923597,"4,7"
SP,3550308,São Paulo,35923624,-
SP,3550308,São Paulo,35923679,"4,8"
SP,3550308,São Paulo,35923795,"5,2"
SP,3550308,São Paulo,35923916,-
SP,3550308,São Paulo,35923990,"4,9"
SP,3550308,São Paulo,35924003,-
SP,3550308,São Paulo,35924258,-
SP,3550308,São Paulo,35924271,"3,6"
SP,3550308,São Paulo,35924374,-
SP,3550308,São Paulo,35924398,-
SP,3550308,São Paulo,35924490,"3,9"
SP,3550308,São Paulo,35924647,"3,4"
SP,3550308,São Paulo,35924684,-
SP,3550308,São Paulo,35924738,-
SP,3550308,São Paulo,35924763,"4,3"
SP,3550308,São Paulo,35924787,"3,9"
SP,3550308,São Paulo,35924829,-
SP,3550308,São Paulo,35925159,-
SP,3550308,São Paulo,35925172,"4,0"
SP,3550308,São Paulo,35925184,-
SP,3550308,São Paulo,35925196,-
SP,3550308,São Paulo,35925317,"3,6"
SP,3550308,São Paulo,35925330,"3,2"
SP,3550308,São Paulo,35925391,"4,9"
SP,3550308,São Paulo,35925433,"4,2"
SP,3550308,São Paulo,35925457,"3,9"
SP,3550308,São Paulo,35925469,"4,0"
SP,3550308,São Paulo,35925500,-
SP,3550308,São Paulo,35925524,"3,9"
SP,3550308,São Paulo,35925871,"5,8"
SP,3550308,São Paulo,35925998,"4,6"
SP,3550308,São Paulo,35926048,-
SP,3550308,São Paulo,35990012,-
SP,3550407,São Pedro,35020990,-
SP,3550407,São Pedro,35441594,"5,7"
SP,3550407,São Pedro,35496479,"5,1"
SP,3550407,São Pedro,35919354,"3,8"
SP,3550506,São Pedro do Turvo,35034265,-
SP,3550605,São Roque,35015830,"4,4"
SP,3550605,São Roque,35015891,-
SP,3550605,São Roque,35016007,"4,3"
SP,3550605,São Roque,35111831,-
SP,3550605,São Roque,35433412,-
SP,3550605,São Roque,35479433,"4,1"
SP,3550605,São Roque,35925974,"5,9"
SP,3550704,São Sebastião,35011204,"4,1"
SP,3550704,São Sebastião,35011265,"4,4"
SP,3550704,São Sebastião,35011289,"4,3"
SP,3550704,São Sebastião,35011368,"4,5"
SP,3550704,São Sebastião,35011373,"4,0"
SP,3550704,São Sebastião,35037230,"3,7"
SP,3550704,São Sebastião,35046681,"4,4"
SP,3550704,São Sebastião,35046700,"4,1"
SP,3550704,São Sebastião,35406302,-
SP,3550803,São Sebastião da Grama,35019082,"4,1"
SP,3550803,São Sebastião da Grama,35297392,-
SP,3550902,São Simão,35024259,"4,2"
SP,3550902,São Simão,35024348,"4,4"
SP,3550902,São Simão,35024375,"4,5"
SP,3551009,São Vicente,35012075,"4,1"
SP,3551009,São Vicente,35012129,"4,5"
SP,3551009,São Vicente,35012130,"3,7"
SP,3551009,São Vicente,35012142,"4,9"
SP,3551009,São Vicente,35012212,"4,8"
SP,3551009,São Vicente,35012245,"3,9"
SP,3551009,São Vicente,35012300,"3,2"
SP,3551009,São Vicente,35012324,"3,6"
SP,3551009,São Vicente,35012348,"4,1"
SP,3551009,São Vicente,35037576,"4,3"
SP,3551009,São Vicente,35038842,-
SP,3551009,São Vicente,35041634,"3,9"
SP,3551009,São Vicente,35049153,"3,7"
SP,3551009,São Vicente,35144320,-
SP,3551009,São Vicente,35405224,"6,2"
SP,3551009,São Vicente,35901404,"4,3"
SP,3551009,São Vicente,35905012,"4,4"
SP,3551009,São Vicente,35909865,-
SP,3551009,São Vicente,35909877,-
SP,3551009,São Vicente,35909889,-
SP,3551009,São Vicente,35909907,"4,2"
SP,3551009,São Vicente,35923485,"4,3"
SP,3551108,Sarapuí,35015124,"3,9"
SP,3551108,Sarapuí,35908290,"4,6"
SP,3551207,Sarutaiá,35034319,-
SP,3551306,Sebastianópolis do Sul,35027492,"4,5"
SP,3551405,Serra Azul,35024296,"4,0"
SP,3551405,Serra Azul,35085397,"4,3"
SP,3551504,Serrana,35023991,"4,1"
SP,3551504,Serrana,35350643,"5,0"
SP,3551504,Serrana,35434620,-
SP,3551504,Serrana,35922687,"3,2"
SP,3551603,Serra Negra,35017644,"3,9"
SP,3551603,Serra Negra,35045603,-
SP,3551603,Serra Negra,35921579,"4,1"
SP,3551702,Sertãozinho,35023486,"4,3"
SP,3551702,Sertãozinho,35023553,"5,4"
SP,3551702,Sertãozinho,35023607,"5,2"
SP,3551702,Sertãozinho,35023620,"4,8"
SP,3551702,Sertãozinho,35044635,"3,8"
SP,3551702,Sertãozinho,35049585,"4,3"
SP,3551702,Sertãozinho,35114637,-
SP,3551702,Sertãozinho,35905847,"4,1"
SP,3551702,Sertãozinho,35922717,"4,1"
SP,3551702,Sertãozinho,35923023,"5,0"
SP,3551702,Sertãozinho,35923710,-
SP,3551801,Sete Barras,35035142,"4,6"
SP,3551801,Sete Barras,35035154,"4,0"
SP,3551900,Severínia,35028137,"4,2"
SP,3552007,Silveiras,35012555,"3,9"
SP,3552007,Silveiras,35223104,-
SP,3552106,Socorro,35017711,"4,7"
SP,3552106,Socorro,35017735,"4,8"
SP,3552106,Socorro,35017759,"4,3"
SP,3552106,Socorro,35912906,"4,1"
SP,3552106,Socorro,35912918,"5,2"
SP,3552106,Socorro,35917746,"4,8"
SP,3552205,Sorocaba,35005750,-
SP,3552205,Sorocaba,35016093,"4,9"
SP,3552205,Sorocaba,35016100,"5,0"
SP,3552205,Sorocaba,35016111,"4,9"
SP,3552205,Sorocaba,35016135,"4,8"
SP,3552205,Sorocaba,35016159,"4,8"
SP,3552205,Sorocaba,35016160,"5,5"
SP,3552205,Sorocaba,35016172,-
SP,3552205,Sorocaba,35016202,"4,9"
SP,3552205,Sorocaba,35016214,"4,0"
SP,3552205,Sorocaba,35016226,-
SP,3552205,Sorocaba,35016238,-
SP,3552205,Sorocaba,35016248,-
SP,3552205,Sorocaba,35016251,"4,7"
SP,3552205,Sorocaba,35016263,"4,3"
SP,3552205,Sorocaba,35016275,"4,1"
SP,3552205,Sorocaba,35016287,"4,5"
SP,3552205,Sorocaba,35016299,"5,1"
SP,3552205,Sorocaba,35016305,-
SP,3552205,Sorocaba,35016317,"5,2"
SP,3552205,Sorocaba,35016329,"4,8"
SP,3552205,Sorocaba,35016330,"4,9"
SP,3552205,Sorocaba,35016354,-
SP,3552205,Sorocaba,35016378,"5,0"
SP,3552205,Sorocaba,35016391,-
SP,3552205,Sorocaba,35016412,"5,0"
SP,3552205,Sorocaba,35016421,"4,8"
SP,3552205,Sorocaba,35016433,"4,8"
SP,3552205,Sorocaba,35036651,"3,9"
SP,3552205,Sorocaba,35038957,-
SP,3552205,Sorocaba,35039780,-
SP,3552205,Sorocaba,35042419,-
SP,3552205,Sorocaba,35043497,"4,5"
SP,3552205,Sorocaba,35058415,-
SP,3552205,Sorocaba,35058427,-
SP,3552205,Sorocaba,35067337,-
SP,3552205,Sorocaba,35069966,-
SP,3552205,Sorocaba,35070282,"4,7"
SP,3552205,Sorocaba,35111867,-
SP,3552205,Sorocaba,35111909,-
SP,3552205,Sorocaba,35111922,-
SP,3552205,Sorocaba,35141586,-
SP,3552205,Sorocaba,35477850,-
SP,3552205,Sorocaba,35478912,"3,8"
SP,3552205,Sorocaba,35495104,-
SP,3552205,Sorocaba,35518591,"4,8"
SP,3552205,Sorocaba,35560510,"5,3"
SP,3552205,Sorocaba,35564953,"4,9"
SP,3552205,Sorocaba,35900345,"4,8"
SP,3552205,Sorocaba,35900357,"4,0"
SP,3552205,Sorocaba,35900369,-
SP,3552205,Sorocaba,35900382,"4,2"
SP,3552205,Sorocaba,35903255,"4,4"
SP,3552205,Sorocaba,35903267,"4,3"
SP,3552205,Sorocaba,35903279,-
SP,3552205,Sorocaba,35905297,"5,0"
SP,3552205,Sorocaba,35905306,"4,2"
SP,3552205,Sorocaba,35905331,-
SP,3552205,Sorocaba,35914605,"3,4"
SP,3552205,Sorocaba,35914617,"3,8"
SP,3552205,Sorocaba,35914629,-
SP,3552205,Sorocaba,35914630,"4,9"
SP,3552205,Sorocaba,35918593,"4,4"
SP,3552205,Sorocaba,35919913,"4,2"
SP,3552205,Sorocaba,35919925,-
SP,3552205,Sorocaba,35920228,"4,9"
SP,3552205,Sorocaba,35920236,"4,5"
SP,3552205,Sorocaba,35922031,"4,3"
SP,3552205,Sorocaba,35922742,"4,2"
SP,3552205,Sorocaba,35922754,"4,1"
SP,3552205,Sorocaba,35924106,"4,2"
SP,3552205,Sorocaba,35924885,"3,9"
SP,3552304,Sud Mennucci,35030673,"4,5"
SP,3552403,Sumaré,35017036,"5,2"
SP,3552403,Sumaré,35017243,"4,3"
SP,3552403,Sumaré,35017267,"3,8"
SP,3552403,Sumaré,35017310,-
SP,3552403,Sumaré,35035981,"5,3"
SP,3552403,Sumaré,35039834,-
SP,3552403,Sumaré,35042500,"5,2"
SP,3552403,Sumaré,35042523,"4,6"
SP,3552403,Sumaré,35042559,"5,0"
SP,3552403,Sumaré,35042560,"4,2"
SP,3552403,Sumaré,35042572,"3,7"
SP,3552403,Sumaré,35045536,"4,1"
SP,3552403,Sumaré,35045548,"4,7"
SP,3552403,Sumaré,35045561,"3,9"
SP,3552403,Sumaré,35045573,-
SP,3552403,Sumaré,35045585,"4,8"
SP,3552403,Sumaré,35049414,-
SP,3552403,Sumaré,35058836,"5,1"
SP,3552403,Sumaré,35112227,-
SP,3552403,Sumaré,35576670,"4,7"
SP,3552403,Sumaré,35905636,"4,4"
SP,3552403,Sumaré,35905641,"4,6"
SP,3552403,Sumaré,35909609,-
SP,3552403,Sumaré,35914940,-
SP,3552403,Sumaré,35924672,-
SP,3552403,Sumaré,35925731,"5,0"
SP,3552502,Suzano,35006973,"3,9"
SP,3552502,Suzano,35006981,"4,9"
SP,3552502,Suzano,35006993,-
SP,3552502,Suzano,35007055,"3,8"
SP,3552502,Suzano,35007067,-
SP,3552502,Suzano,35007158,"4,4"
SP,3552502,Suzano,35007161,-
SP,3552502,Suzano,35007171,"4,3"
SP,3552502,Suzano,35007183,-
SP,3552502,Suzano,35035518,-
SP,3552502,Suzano,35040514,"4,7"
SP,3552502,Suzano,35046197,"3,8"
SP,3552502,Suzano,35046450,-
SP,3552502,Suzano,35108443,-
SP,3552502,Suzano,35284361,"4,4"
SP,3552502,Suzano,35352603,-
SP,3552502,Suzano,35406296,"6,2"
SP,3552502,Suzano,35456512,-
SP,3552502,Suzano,35901885,-
SP,3552502,Suzano,35902937,"4,1"
SP,3552502,Suzano,35904405,-
SP,3552502,Suzano,35906281,"4,0"
SP,3552502,Suzano,35906300,"3,5"
SP,3552502,Suzano,35908460,-
SP,3552502,Suzano,35908472,-
SP,3552502,Suzano,35908484,"4,5"
SP,3552502,Suzano,35908915,"4,1"
SP,3552502,Suzano,35916559,-
SP,3552502,Suzano,35921087,-
SP,3552502,Suzano,35923448,"4,4"
SP,3552502,Suzano,35923850,-
SP,3552551,Suzanápolis,35030582,"4,4"
SP,3552601,Tabapuã,35028162,"4,4"
SP,3552700,Tabatinga,35022056,"5,6"
SP,3552700,Tabatinga,35022100,"4,3"
SP,3552809,Taboão da Serra,35005365,"6,4"
SP,3552809,Taboão da Serra,35010169,"4,1"
SP,3552809,Taboão da Serra,35010182,"3,6"
SP,3552809,Taboão da Serra,35010194,"4,1"
SP,3552809,Taboão da Serra,35010236,"3,7"
SP,3552809,Taboão da Serra,35010248,"4,2"
SP,3552809,Taboão da Serra,35010259,"4,9"
SP,3552809,Taboão da Serra,35010261,"4,4"
SP,3552809,Taboão da Serra,35010297,"3,9"
SP,3552809,Taboão da Serra,35010352,"5,0"
SP,3552809,Taboão da Serra,35040769,"5,0"
SP,3552809,Taboão da Serra,35042067,"4,2"
SP,3552809,Taboão da Serra,35044885,"4,5"
SP,3552809,Taboão da Serra,35046565,"4,4"
SP,3552809,Taboão da Serra,35049104,"3,9"
SP,3552809,Taboão da Serra,35902494,"4,9"
SP,3552809,Taboão da Serra,35903061,"4,0"
SP,3552809,Taboão da Serra,35906426,"4,6"
SP,3552809,Taboão da Serra,35906438,"4,5"
SP,3552809,Taboão da Serra,35906448,"4,3"
SP,3552809,Taboão da Serra,35906463,"4,0"
SP,3552809,Taboão da Serra,35908708,"4,6"
SP,3552809,Taboão da Serra,35912585,"4,6"
SP,3552809,Taboão da Serra,35912682,"4,0"
SP,3552809,Taboão da Serra,35918799,"4,2"
SP,3552809,Taboão da Serra,35921154,"4,6"
SP,3552809,Taboão da Serra,35923886,"4,6"
SP,3552908,Taciba,35032657,"4,1"
SP,3553005,Taguaí,35034241,"4,8"
SP,3553104,Taiaçu,35022500,"4,6"
SP,3553203,Taiúva,35022512,"4,9"
SP,3553302,Tambaú,35019008,"4,0"
SP,3553302,Tambaú,35049487,"4,8"
SP,3553302,Tambaú,35113025,-
SP,3553401,Tanabi,35028940,"4,5"
SP,3553500,Tapiraí,35016871,"4,8"
SP,3553500,Tapiraí,35498403,"4,0"
SP,3553609,Tapiratiba,35018946,-
SP,3553658,Taquaral,35022652,"4,2"
SP,3553708,Taquaritinga,35024880,"6,9"
SP,3553708,Taquaritinga,35025124,-
SP,3553708,Taquaritinga,35025159,"3,9"
SP,3553708,Taquaritinga,35048379,"4,7"
SP,3553708,Taquaritinga,35910892,"5,2"
SP,3553807,Taquarituba,35014540,"4,6"
SP,3553807,Taquarituba,35049888,-
SP,3553807,Taquarituba,35290661,"5,8"
SP,3553807,Taquarituba,35900424,"4,6"
SP,3553807,Taquarituba,35910119,"3,4"
SP,3553807,Taquarituba,35924088,-
SP,3553856,Taquarivaí,35015398,"4,9"
SP,3553856,Taquarivaí,35039731,"3,8"
SP,3553906,Tarabai,35032759,"4,1"
SP,3553955,Tarumã,35033133,"3,8"
SP,3553955,Tarumã,35900862,-
SP,3553955,Tarumã,35906815,"4,1"
SP,3554003,Tatuí,35016494,-
SP,3554003,Tatuí,35016627,"5,2"
SP,3554003,Tatuí,35016639,"4,2"
SP,3554003,Tatuí,35016676,"3,9"
SP,3554003,Tatuí,35016724,-
SP,3554003,Tatuí,35112045,-
SP,3554003,Tatuí,35903309,-
SP,3554003,Tatuí,35905343,-
SP,3554003,Tatuí,35916432,"4,8"
SP,3554003,Tatuí,35923035,"4,6"
SP,3554003,Tatuí,35924076,-
SP,3554102,Taubaté,35006705,-
SP,3554102,Taubaté,35014000,"5,0"
SP,3554102,Taubaté,35014011,-
SP,3554102,Taubaté,35014023,"4,3"
SP,3554102,Taubaté,35014126,"3,9"
SP,3554102,Taubaté,35014175,"4,9"
SP,3554102,Taubaté,35014217,"4,2"
SP,3554102,Taubaté,35014254,"5,1"
SP,3554102,Taubaté,35014266,"4,8"
SP,3554102,Taubaté,35014278,"3,9"
SP,3554102,Taubaté,35014285,"5,0"
SP,3554102,Taubaté,35014291,"4,9"
SP,3554102,Taubaté,35037898,"3,4"
SP,3554102,Taubaté,35039664,"4,9"
SP,3554102,Taubaté,35043916,"4,8"
SP,3554102,Taubaté,35046838,"4,6"
SP,3554102,Taubaté,35049220,"4,2"
SP,3554102,Taubaté,35056873,"5,6"
SP,3554102,Taubaté,35111173,-
SP,3554102,Taubaté,35140995,-
SP,3554102,Taubaté,35229573,"4,4"
SP,3554102,Taubaté,35267685,"5,7"
SP,3554102,Taubaté,35277685,"4,3"
SP,3554102,Taubaté,35457197,"4,6"
SP,3554102,Taubaté,35659538,-
SP,3554102,Taubaté,35901600,"3,9"
SP,3554102,Taubaté,35905148,"3,9"
SP,3554102,Taubaté,35914460,"3,8"
SP,3554102,Taubaté,35916675,"4,3"
SP,3554201,Tejupá,35034236,"4,2"
SP,3554201,Tejupá,35906840,-
SP,3554300,Teodoro Sampaio,35032177,"3,6"
SP,3554300,Teodoro Sampaio,35032273,"4,0"
SP,3554300,Teodoro Sampaio,35032372,"4,5"
SP,3554300,Teodoro Sampaio,35297380,-
SP,3554300,Teodoro Sampaio,35299340,"5,5"
SP,3554300,Teodoro Sampaio,35909646,-
SP,3554300,Teodoro Sampaio,35913662,-
SP,3554300,Teodoro Sampaio,35913674,-
SP,3554409,Terra Roxa,35022639,"4,2"
SP,3554508,Tietê,35016469,"4,0"
SP,3554508,Tietê,35446713,"5,3"
SP,3554607,Timburi,35034095,"4,8"
SP,3554656,Torre de Pedra,35016615,"4,7"
SP,3554706,Torrinha,35021714,"3,8"
SP,3554755,Trabiju,35021921,"4,4"
SP,3554805,Tremembé,35014187,"4,7"
SP,3554805,Tremembé,35014230,"5,1"
SP,3554805,Tremembé,35037916,"4,1"
SP,3554805,Tremembé,35111351,-
SP,3554904,Três Fronteiras,35028319,"4,3"
SP,3554953,Tuiuti,35017796,"4,8"
SP,3555000,Tupã,35011998,"5,7"
SP,3555000,Tupã,35034551,"4,1"
SP,3555000,Tupã,35034575,"3,9"
SP,3555000,Tupã,35034587,"5,0"
SP,3555000,Tupã,35034617,"4,1"
SP,3555000,Tupã,35290658,"5,9"
SP,3555000,Tupã,35903711,-
SP,3555109,Tupi Paulista,35031513,"4,4"
SP,3555208,Turiúba,35030247,"4,7"
SP,3555307,Turmalina,35027091,"4,5"
SP,3555356,Ubarana,35027339,"4,5"
SP,3555406,Ubatuba,35011162,"3,5"
SP,3555406,Ubatuba,35011186,"4,0"
SP,3555406,Ubatuba,35011198,-
SP,3555406,Ubatuba,35011216,"4,1"
SP,3555406,Ubatuba,35038751,"4,7"
SP,3555406,Ubatuba,35038763,-
SP,3555406,Ubatuba,35045123,"4,2"
SP,3555406,Ubatuba,35046747,"4,2"
SP,3555406,Ubatuba,35047824,"4,5"
SP,3555406,Ubatuba,35070212,"5,1"
SP,3555505,Ubirajara,35025409,-
SP,3555604,Uchoa,35028836,"4,2"
SP,3555703,União Paulista,35027455,"4,4"
SP,3555802,Urânia,35027248,"4,8"
SP,3555901,Uru,35026190,-
SP,3556008,Urupês,35027832,"4,9"
SP,3556107,Valentim Gentil,35028976,"4,7"
SP,3556206,Valinhos,35018089,"4,5"
SP,3556206,Valinhos,35018132,"4,4"
SP,3556206,Valinhos,35018168,"5,1"
SP,3556206,Valinhos,35018181,-
SP,3556206,Valinhos,35040400,"5,1"
SP,3556206,Valinhos,35049451,"4,4"
SP,3556206,Valinhos,35112471,-
SP,3556206,Valinhos,35920630,"4,3"
SP,3556305,Valparaíso,35029973,"4,3"
SP,3556305,Valparaíso,35029981,"4,3"
SP,3556354,Vargem,35017802,"4,4"
SP,3556404,Vargem Grande do Sul,35019033,-
SP,3556404,Vargem Grande do Sul,35019057,"4,7"
SP,3556404,Vargem Grande do Sul,35391049,"5,7"
SP,3556404,Vargem Grande do Sul,35900576,"3,6"
SP,3556404,Vargem Grande do Sul,35905665,-
SP,3556453,Vargem Grande Paulista,35010406,"4,4"
SP,3556453,Vargem Grande Paulista,35010534,"4,8"
SP,3556453,Vargem Grande Paulista,35010637,"5,1"
SP,3556453,Vargem Grande Paulista,35036663,"4,6"
SP,3556453,Vargem Grande Paulista,35048148,"4,3"
SP,3556453,Vargem Grande Paulista,35903012,"5,3"
SP,3556453,Vargem Grande Paulista,35906414,"4,4"
SP,3556453,Vargem Grande Paulista,35924313,"4,0"
SP,3556503,Várzea Paulista,35019471,"4,6"
SP,3556503,Várzea Paulista,35019483,"5,2"
SP,3556503,Várzea Paulista,35019495,"4,4"
SP,3556503,Várzea Paulista,35047259,"3,8"
SP,3556503,Várzea Paulista,35049505,"4,5"
SP,3556503,Várzea Paulista,35900588,"4,6"
SP,3556503,Várzea Paulista,35905677,-
SP,3556503,Várzea Paulista,35911112,"5,0"
SP,3556503,Várzea Paulista,35919299,"3,6"
SP,3556503,Várzea Paulista,35924465,"4,8"
SP,3556602,Vera Cruz,35033558,"4,3"
SP,3556602,Vera Cruz,35033595,"4,8"
SP,3556701,Vinhedo,35018417,"5,4"
SP,3556701,Vinhedo,35045640,"4,7"
SP,3556701,Vinhedo,35112461,-
SP,3556701,Vinhedo,35518785,-
SP,3556701,Vinhedo,35920642,"4,6"
SP,3556800,Viradouro,35022585,"3,8"
SP,3556909,Vista Alegre do Alto,35023589,"4,9"
SP,3556958,Vitória Brasil,35027169,"4,7"
SP,3557006,Votorantim,35004039,"3,5"
SP,3557006,Votorantim,35016743,"4,0"
SP,3557006,Votorantim,35016755,"4,1"
SP,3557006,Votorantim,35016779,-
SP,3557006,Votorantim,35016809,"4,3"
SP,3557006,Votorantim,35016937,"4,1"
SP,3557006,Votorantim,35039809,"4,4"
SP,3557006,Votorantim,35042468,"4,7"
SP,3557006,Votorantim,35111880,-
SP,3557006,Votorantim,35405218,"5,5"
SP,3557006,Votorantim,35406685,-
SP,3557006,Votorantim,35900436,"5,1"
SP,3557006,Votorantim,35908320,"4,4"
SP,3557006,Votorantim,35908332,-
SP,3557006,Votorantim,35924143,"4,3"
SP,3557105,Votuporanga,35028988,-
SP,3557105,Votuporanga,35029087,"4,9"
SP,3557105,Votuporanga,35029105,"4,6"
SP,3557105,Votuporanga,35029117,-
SP,3557105,Votuporanga,35029208,"4,4"
SP,3557105,Votuporanga,35044167,"4,2"
SP,3557105,Votuporanga,35419667,-
SP,3557105,Votuporanga,35456408,"6,5"
SP,3557105,Votuporanga,35908162,"5,3"
SP,3557105,Votuporanga,35918349,-
SP,3557105,Votuporanga,35919697,"5,5"
SP,3557154,Zacarias,35027418,"4,8"
SP,3557204,Chavantes,35033893,"3,7"
SP,3557303,Estiva Gerbi,35020382,"4,3"
